date,ESX50TR,MXEFTR,MXWOTR,NKYTR,SMITR,SPTR,UKXTR,CHFBOND,EURBOND,USDBOND,CHF3MTR,EUR3MTR,GBP3MTR,JPY3MTR,NOK3MTR,USD3MTR,COMMODITIES,GOLD,USENERGYEQUITY,USFINANCIALEQUITY,USGOLDMINERSEQUITY,RTYTR,NDXTR,CACTR,DAXTR,IBEXTR,CAD3MTR,MIBTR,HKD3MTR,HSITR
1995-01-31,100.0,100.0,100.0,100.0,100.0,100.0,100.0,100.0,100.0,100.0,100.0,100.0,100.0,100.0,100.0,100.0,100.0,100.0,100.0,100.0,100.0,100.0,100.0,100.0,100.0,100.0,100.0,,,
1995-02-28,103.44024022649752,97.33312113495818,101.43357440154227,94.144900865669,106.4789309787536,103.89716152954024,101.21807471017864,104.00046842684728,102.50177808305554,102.37757940910411,104.20196632996633,102.49874761710043,100.78674956081724,103.14308794716216,103.46681469830844,100.50423333333332,99.86976959922931,100.53319114902692,103.89716152954026,103.89716152954024,100.53319114902692,104.15988871063644,106.70318012483648,100.81618455737834,105.682625144705,101.69566327598336,101.80334096892284,,,
1995-03-16,105.3573978417118,95.03228446707897,101.43357440154227,96.67170593271808,108.37735792238745,105.76836794297662,104.53354403793696,111.47588353397184,106.03627583514825,103.38459437778424,110.87726504212364,106.6089721831567,101.24771103706884,110.5416544455397,107.3599648007321,100.79127342373332,100.70110339045036,102.39936017062116,105.7683679429766,105.7683679429766,102.39936017062116,105.9537565769546,110.31751905854485,105.09850683154517,105.35280002998668,101.76704456977568,100.49536506195774,,,
1995-03-31,107.91136988779442,97.71735176427794,106.29798335660196,99.54093884784253,112.65501263381728,106.96284507352254,109.15868415509108,115.64869621432622,108.39929842002417,103.00568366075544,114.63932759510028,108.54229075374089,103.78465784794751,115.44605363889676,109.8325679793986,101.05971418195186,102.34325522482584,104.34550786456944,106.96284507352254,106.96284507352254,104.34550786456944,105.9537565769546,110.31751905854485,111.14955980000228,101.5903111413902,103.8368786409128,101.917957274606,,100.0,
1995-04-28,111.300134468306,101.92115314659878,109.97791881563128,106.36941313458972,103.77047187160304,110.1126753409466,111.52359043306612,114.7271177276614,108.58017865828516,104.44452030244584,113.3939304107243,108.37003669166104,103.73140196570708,118.63239232381314,108.44492898985725,101.55946569743875,104.38769411911623,103.19914689416154,110.11267534094658,110.1126753409466,103.19914689416156,108.30968060401403,115.8463474206202,113.96519262975792,106.33080951866516,108.98268064091494,105.8095270493088,,100.3517642540016,
1995-05-31,114.01164606279042,107.073026555111,110.89382084816546,97.37570050604393,105.8202741791684,114.51353204601826,113.65789590894526,113.31357838151082,109.47294413521848,108.48623461741968,111.49661575775596,107.82361854075756,102.65940500724092,118.39227233819793,108.1823096576682,102.15044022833216,103.67410288201664,102.45267928552386,114.51353204601828,114.51353204601824,102.45267928552386,110.17198245397532,120.42039819406403,114.80334726288984,109.45288040549848,112.61294845573296,105.44071182443028,,101.01650561867028,
1995-06-15,114.81943523365057,107.61640596580575,110.89382084816546,93.8274418029633,106.39012202583385,115.43796083875829,116.6014967844164,114.11602256147864,109.1824723230678,109.19626551059072,111.89976699089156,108.20590433891776,103.76826097955926,118.50533039454128,109.2194685213909,102.4181169444138,105.02368230918128,104.34550786456944,115.43796083875829,115.4379608387583,104.34550786456944,115.88678102247104,132.7387560752966,114.59511870112604,110.85397049919736,113.07213229474765,105.12191273622066,,101.26398379861786,
1995-06-30,115.45200919961653,107.17078937795566,110.83479799077811,91.56534205604125,114.47868025925315,117.17338119142956,114.54524150206372,115.91218164425332,110.1718062944509,109.2816057621738,113.67036940751228,110.2579341238734,103.84014165029043,118.49391741847792,111.10316114520325,102.6815235389302,102.64920746773232,102.5326579578779,117.17338119142954,117.17338119142954,102.53265795787792,115.88678102247104,132.7387560752966,113.76640537524892,110.76563412674558,114.50101205066234,105.9113340335378,,101.50187787511948,
1995-07-31,123.49463591165024,109.42160785740272,116.3553560187162,100.64692555870728,119.39997876091832,121.05919899768894,119.95934610396652,115.69387621873798,113.39994795577172,109.03753264264628,113.53122662885995,112.14375251840784,104.5324064433374,113.49536446744956,111.82250476337306,103.21699627512756,104.64280298637937,101.99946680885098,121.05919899768894,121.05919899768894,101.99946680885095,122.56302096772384,140.3498384032763,119.7600359429334,119.22126526801704,122.62311931153342,107.06377350853376,,101.97775454218754,
1995-08-31,116.84939638870992,106.69334303383052,113.73809392841646,99.22743630689745,117.3525475385972,121.36344781464018,117.52673229478958,111.73561964272128,108.39440689212412,110.35347932205708,108.99254469941448,106.73735980924646,102.0308529355668,103.07499042673254,107.54915343056712,103.75606137386836,106.4294570462675,102.039456145028,121.36344781464015,121.36344781464015,102.039456145028,125.09844396827354,142.2964004638196,111.22509894461868,113.47711927432022,118.14710339344414,109.4211183344248,,102.46746118318488,
1995-09-14,118.41500900386522,107.63914150600225,113.73809392841645,97.79312898766445,114.64573571424872,126.1884243229744,120.55274804729922,111.48903330545056,107.6454753868038,111.51581354861838,108.2983782108822,105.84938992053384,102.25239753864196,98.1442035734274,106.63275072116488,103.99545542858604,107.53106351854004,102.90589176219676,126.1884243229744,126.18842432297438,102.90589176219676,127.3320843196428,144.3465817975476,110.57512656803438,115.59695939986952,120.48084232949066,107.8358342566096,,102.742859066391,
1995-09-29,119.0103306715076,106.04083303019286,117.0262608059414,95.87614893246617,119.67703529281631,126.48522353060687,121.90477057719436,118.79423741776075,110.18973054709464,111.427059686972,113.89803667371834,109.95868504064596,104.91218729499654,100.78552326023778,110.25455925817636,104.25180422621747,107.44275660294896,102.37270061316984,126.48522353060687,126.48522353060687,102.37270061316984,127.3320843196428,144.3465817975476,108.29535381728688,114.64185141928954,119.17055874465692,110.14670884131864,,103.09195608596774,
1995-10-31,119.3365602414622,101.88022917424524,115.15857154207691,92.42631946384684,130.65365548532145,126.03316769239883,122.48528243599898,121.61184667980086,112.4890679019434,112.87613715885236,115.9593987959857,111.699685049853,105.20376146400145,98.63050122460656,111.83639798032272,104.79845435344455,108.35972134262197,102.10610503865637,126.03316769239883,126.03316769239883,102.10610503865638,121.63747938566476,147.7265438038141,111.03468128449556,114.011379485702,117.32630928853976,110.5663720870658,,103.71329526711776,
1995-11-30,121.05068441082388,99.9658966897054,119.13196236157786,98.0546461248421,130.0968645681119,131.5658570860176,123.74712438403226,118.85493343689026,112.38302928404843,114.56758094522866,112.2365742489828,110.0383923467768,102.71035801289317,98.61477002696417,109.93181567036528,105.32218462907588,110.0527165526408,103.385763796321,131.5658570860176,131.5658570860176,103.385763796321,126.7475907872152,146.47817827449234,109.7695067459006,116.37992359867678,123.22036500415182,109.7909955433196,,104.1667663992064,
1995-12-14,125.07948946221572,102.1598763186614,119.13196236157786,102.61697670718404,130.41631857069052,134.20962184767242,125.04475181248264,119.62508883162042,113.4981675690128,115.05231357422043,113.67279254294333,110.39254007843876,103.73885376925384,99.23195225094204,110.43782636286733,105.5669124275265,114.36191563567606,102.95921087709944,134.2096218476724,134.2096218476724,102.95921087709944,130.09188103705532,142.16317568401053,112.69321779355916,118.11842130503422,124.9114669169118,108.94851201469484,,104.40717061869864,
1995-12-29,126.85187010559248,104.21289559839948,122.589863610051,102.44712770468712,133.60340615911474,134.10007872882576,126.4847486961912,121.16899635665662,115.32803420339285,116.17539128505354,114.54912238681312,111.76897366908446,104.31183773972596,97.25131302070062,110.72297731087473,105.82071287948769,115.87651303641996,103.19914689416156,134.10007872882576,134.10007872882574,103.19914689416156,130.09188103705532,142.16317568401053,113.65887837990086,117.98871828914407,128.9216091185025,109.9958855681823,,104.63641096991896,
1996-01-31,131.2331136105978,111.52237177155337,124.7821785895458,103.77893440903549,132.0798173142021,138.66431891100257,126.19970962923432,113.43486699002558,113.21960748368016,116.94686715936442,109.34918818041024,108.5509373732633,102.49962214141068,94.09830674631166,108.47075322584617,106.36053079106418,116.70963080573378,108.31778192482004,138.66431891100257,138.66431891100257,108.31778192482004,129.95276933260035,146.00942441960868,118.62469956041988,124.59840592842872,129.26781197547666,109.77942305352543,,105.2439826990094,
1996-02-29,131.93835537045967,109.56711531465994,125.51647183011896,102.08711316273902,137.49578773638407,139.9498844464009,126.9983587732245,114.5258786920426,113.17504352853874,114.9140623666559,110.3901664790918,110.49360679420886,104.2710112874804,95.7787939215676,110.66489120346284,106.83493716636178,119.20006422321138,106.83817648627031,139.94988444640092,139.94988444640086,106.83817648627031,134.00271492197405,153.65998075642068,118.4802441056542,126.50606401071884,137.48297070117982,110.6358623172151,,105.64219252445618,
1996-03-14,130.10339911107425,108.3780465623864,125.51647183011896,100.86264304529313,148.34010358321453,140.21332972140152,125.29504066552153,115.87877608536871,112.50173452556994,113.88315212753253,111.72727161044804,110.49225532452756,104.18564164938373,95.6194023843746,110.863584547361,107.0641099771322,120.82883622189128,105.43854972007466,140.21332972140152,140.2133297214015,105.43854972007468,136.72997745044145,150.4181777810673,116.5774184866404,123.87166403264024,129.6947929031358,110.91883940703204,,105.85790486508267,
1996-03-29,132.852219788987,110.2218988723173,127.57912860958388,106.53237106656309,150.9353460308617,141.29707856798188,126.72132667209875,116.07431048732556,113.11650733276268,114.11527761183848,111.64247946525388,110.47620252287014,104.45078882673928,94.0238475832057,111.0640565234736,107.31267715246244,124.87043859101418,105.42521994134898,141.2970785679819,141.29707856798186,105.425219941349,136.72997745044145,150.4181777810673,121.21693764259122,126.63757908150698,135.00131250363876,111.90403591984298,,106.0557039057486,
1996-04-30,133.9913762268108,114.23699527100771,130.55288526602632,111.91212986041197,145.3129238441506,143.3802602283982,129.520708000692,111.69697260278554,111.08890223376592,113.47351891993384,106.89839076083211,107.64207601054696,103.60505950257432,95.98745311558868,108.81597138210276,107.8495267053638,130.98591549295782,104.41215675819782,143.3802602283982,143.3802602283982,104.41215675819784,144.04119501441602,164.49066192978563,123.61396416484251,123.8369013926317,138.94372500922614,112.23432750928892,,106.54266086540966,
1996-05-31,136.31338848438028,113.44807202619144,130.63958600180388,108.4371923044364,141.42640632586043,147.07797539935828,131.3679954804669,108.56028019342962,111.44656031220262,113.24310024065956,106.7194005061496,108.68135270534172,107.22553435986504,93.42530568371028,110.35938000119192,108.37350164758108,130.39541874425788,104.23886963476409,147.07797539935825,147.07797539935828,104.23886963476409,149.71785005104502,170.82130609626725,122.82973098143697,126.3984538610537,140.7314002901334,112.11006384384262,,107.0183922950544,
1996-06-20,135.3310165225545,113.53901418697716,130.63958600180388,110.70063033592496,145.61220772655102,145.70961761493982,130.04847968418665,107.23064425130988,110.56858762156637,113.19189608970972,106.23798781769332,109.19588817597416,106.78987856917402,93.36110602351356,110.42078984362124,108.71487817777096,128.96199234673404,102.50599840042656,145.70961761493982,145.7096176149398,102.50599840042656,143.57001020900412,167.09841363827005,122.68771692712178,126.53337695410644,145.03275883566891,112.58562478487131,,107.28194435408076,
1996-06-28,136.9598115556975,113.91415060021836,131.2739944067985,109.60159877438292,149.04643580406983,147.6390664285049,130.6329648952239,108.0786633475922,111.80742099315472,114.76386352386972,106.4285396525364,109.51310904434082,107.84415695842374,92.06361925608438,110.82260236750555,108.85155693850224,130.17866540598888,101.42628632364703,147.6390664285049,147.63906642850486,101.42628632364703,143.57001020900412,167.09841363827005,126.34946367894364,127.86072179970913,147.18464961884732,112.96348086516204,,107.41655826259137,
1996-07-31,134.80592296160097,105.91806111313213,126.60830737986537,103.4031897738682,146.1514488449342,141.11625623269867,131.20397102699025,113.7835897778471,115.4705726404741,115.07791564969538,111.74432504439436,112.97138692353288,108.69285883021404,94.62310152268608,113.69029148757616,109.4148183908436,128.33135609094725,103.18581711543592,141.11625623269867,141.11625623269865,103.18581711543597,131.02976317354185,156.91165223398218,122.69916605314354,126.84540926845186,142.04715605386906,112.50187143523368,,108.05478404130564,
1996-08-30,135.53396938782447,108.47808293925073,128.0372542496894,98.85027568549454,152.03887886597124,144.0930523927637,138.781124419991,114.15403439142534,115.29627839613856,114.88504668111769,111.61951602361222,113.1235210534654,109.77686928652102,92.87380146435936,113.36861881000247,109.94310960564071,134.5592236127341,103.0391895494535,144.0930523927637,144.09305239276367,103.03918954945352,138.63827591235963,163.71105025534752,120.8578641376987,130.15167169933403,143.3558305464349,113.48687765577802,,108.58031212530788,
1996-09-19,137.84023271802886,109.78765005456536,128.0372542496894,104.0005862055465,148.94324573914164,151.1884666503001,141.7091518888032,111.61683429993364,113.51951453234152,115.77429210261316,108.0419802648931,111.11104744189684,109.34104968357757,92.44442243260984,112.55262277301954,110.2954772719268,134.52532802897184,102.039456145028,151.1884666503001,151.1884666503001,102.039456145028,144.05577930601208,181.9702464658427,125.13127825627824,131.56420130527977,142.45109792850886,113.55869388337211,,108.92216978853386,
1996-09-30,140.2221737122831,109.27155329210628,133.02381257972672,103.29912661917452,149.20056903812522,152.20330661068172,142.35001839853382,111.07202432282772,113.71778853269872,116.8871289832563,107.08523852874916,110.74582787023292,110.35676769995077,90.8416955795922,112.44192408687236,110.48570480070669,135.24427120034971,100.87976539589442,152.20330661068172,152.20330661068172,100.87976539589442,144.05577930601208,181.9702464658427,127.57328551342634,132.32549964037207,146.4274306523828,114.44371194665118,,109.1017846442476,
1996-10-31,141.93936984322886,106.2727355401965,133.92609395286382,95.77372897816976,147.12797348920958,156.4011614618165,149.1998537815798,110.4215711333786,115.84237295419564,119.4763522162864,106.06020554363968,112.0431935126512,115.29135945978489,88.75039705193066,114.82052724435373,111.0113558865328,133.35949834536038,100.78645694481472,156.4011614618165,156.40116146181649,100.78645694481474,141.8356013776546,185.52537438630264,129.06063646940322,133.75658663237544,151.22192729433547,116.76488300573678,,109.6243282807874,
1996-11-29,149.63364832766305,107.92788286649696,141.4047090810508,98.55388173126458,149.96601862383437,168.22301421351594,157.6809849029925,107.05620527354895,115.9035498486127,121.5228114492482,103.26576421400716,110.8045438404644,119.75939138944514,88.96218813757663,114.5506321692068,111.49693805907312,140.7986869921238,99.08024526792856,168.22301421351594,168.22301421351594,99.08024526792858,147.6794148333464,205.76073816396536,137.67260642300394,141.06831134412175,161.6086045071985,115.98362632644908,,110.1166825152144,
1996-12-19,147.64052684480893,106.74563477628232,141.4047090810508,91.55597024693404,145.3980679299851,165.9021222921093,156.17594422952598,105.1337639084948,114.08009526035748,120.50726245540976,100.796590875854,109.6399991680931,119.02016582710915,88.79346774172532,113.8554242906372,111.83956195545431,144.05444701139075,98.37376699546788,165.9021222921093,165.9021222921093,98.37376699546788,151.5498614492298,202.63982434066085,132.05114711103343,137.4128482709036,167.81180995823627,114.85617542498886,,110.36249231570692,
1996-12-31,152.3235584380276,108.29165150963992,139.11355700900802,89.32415093799833,147.3711109527268,164.8898219712682,163.5226136600813,105.2206281160869,115.94408476104732,120.39290651828848,100.64241711153618,111.1753570143826,122.73596154644564,87.58051373382486,115.82411251483042,112.05412988305126,142.71913940896812,98.02719274860036,164.8898219712682,164.8898219712682,98.02719274860036,151.5498614492298,202.63982434066085,137.69945487741774,143.15385731183844,178.43981123531194,114.6580694921375,,110.6272291810236,
1997-01-31,155.47568738525868,115.59203346671522,140.76401421787295,80.66191359566338,150.61203396159672,175.19127718472487,158.8613331976623,99.8130611477711,109.71151102865382,120.7615764051273,95.07100869847656,104.99428092909884,115.37694584747489,83.57431498325506,114.30719736895922,112.59737452995373,143.6325361924556,91.80218608371102,175.19127718472484,175.19127718472484,91.802186083711,154.5789066268777,227.35795524634256,140.83909975378205,141.5387574010526,174.69566940440953,116.96227476094404,,110.92430690529112,
1997-02-28,155.8695053096669,120.46653328483087,142.35667093621956,82.28488160224018,152.1853829066882,176.56437562961895,163.09321051076157,97.12328452638906,106.62868406525791,121.06197409069966,91.56228366668584,101.86863372002584,117.83571342235044,84.24839827645769,110.23225459345826,113.07904107655408,145.13821370273575,96.89416155691816,176.56437562961892,176.56437562961895,96.89416155691816,150.83074368668454,209.81915969703712,141.1435860013137,147.01148173685112,168.30980587687225,115.45894666045542,,111.48643551489891,
1997-03-20,155.22884454002093,119.01827937431796,142.35667093621956,79.78397134760027,153.2802567885093,174.9532283051292,158.68208458059044,97.18431607975874,104.0242942268592,120.41168137363674,93.24320991988344,102.11537051710133,115.61683332576126,81.99070384441715,109.246163709778,113.4206340131395,148.93451908410566,93.70834444148228,174.95322830512922,174.9532283051292,93.70834444148232,143.7136093877963,196.64470924925385,138.24583175892494,147.2553788617516,169.92909417907177,114.69962569946618,,111.78460896979132,
1997-03-31,161.62243280007908,116.99936340487452,139.514231406272,77.62480208547461,161.29469590450807,169.30964131824217,165.41426341631873,97.8764717195068,105.12744972896655,119.72042533581391,93.61782328732164,102.94957754241806,119.09925612350088,81.95811519797161,112.65617599474858,113.61449445113864,148.16651651517722,93.64169554785391,169.3096413182422,169.30964131824214,93.64169554785391,143.7136093877963,196.64470924925385,144.80777683638655,155.73331823069762,173.3569970239954,114.43391074189076,,111.95909653605209,
1997-04-30,158.89302429394024,116.79246998908695,144.04799012327572,80.42947739766413,167.60095504192958,179.41723738010782,169.32803436083992,96.96447508641386,102.3720085176115,121.5125706190582,92.1971455521234,100.2085764383044,118.70642178045088,79.86618048824376,104.94732081539208,114.15297981546436,149.33234619878868,90.50919754732072,179.41723738010782,179.4172373801078,90.50919754732074,144.1141164723964,215.8093405373402,139.67265700197763,151.44826731013015,183.4885388680701,113.65168635163556,,112.54849438929308,
1997-05-30,166.89820474650656,119.81857038923248,152.91285659279205,92.0866158414015,179.963697763193,190.340734971683,178.5998975478356,101.68932017888508,103.64793023774472,122.66125040536625,96.2069875263289,102.00012820978264,120.452318679179,87.30139229123378,105.35418152386973,114.6999628437468,151.53555914333373,91.88216475606504,190.340734971683,190.34073497168296,91.88216475606504,160.14674041082827,236.56033355537505,139.45761587536697,158.523468085752,198.46371887036528,115.69072166290194,,113.16431983928774,
1997-06-19,176.90134263850746,124.19743543106586,152.91285659279205,95.83112251165456,194.1647614683866,201.6968178316557,181.3377470150426,99.87999998245562,103.44135848527996,124.44486166345224,94.59635171461548,101.30739954527832,121.58282976876455,88.93325664889872,104.18049564732624,115.066365502831,144.26763239347423,90.78912290055986,201.6968178316557,201.6968178316557,90.78912290055986,167.01033240966154,236.177929094812,147.92447409146737,166.0011031447835,208.810133220944,115.02429632414191,,113.5947649477244,
1997-06-30,178.00965714116225,125.982175336486,160.5131845363606,95.99079260097751,195.05708933916057,198.8683366207556,181.36661130019715,98.5644187139962,102.85923127014844,124.11715509737328,93.17981394317258,100.48905414318148,123.10620953529352,88.677852697562,102.53598889551336,115.2663332664913,142.82617809453302,89.029592108771,198.8683366207556,198.8683366207556,89.029592108771,167.01033240966154,236.177929094812,153.69721166218068,166.05135151776025,213.36104180749763,115.6661527119938,,113.73594419609483,
1997-07-31,188.6658299908179,127.61913423062936,167.87969116027935,91.5446538983086,197.9785518762077,214.6918147417609,190.39207708251269,95.0807715738706,97.31299616235378,127.46419976446094,90.16396356770927,95.69161950573012,121.97307706554815,85.75433824444326,98.84987351540612,115.8308581382704,147.46273715758772,86.52359370834445,214.6918147417609,214.6918147417609,86.52359370834445,174.78151609320486,273.11819998519763,157.63672127572437,184.7406693927928,201.3914616274052,116.26692244207764,,114.4362973366796,
1997-08-29,173.2222398455306,111.23135685703892,156.62291466394953,80.45139854941849,177.449980578171,202.6644204965841,184.91772851539497,95.76449763787777,98.53988215013992,126.37696495929274,91.4906513773192,97.8747641602763,120.7555308531792,84.0963949971655,101.07846818271456,116.3571723219934,147.31466697588957,86.41695547853905,202.6644204965841,202.66442049658409,86.41695547853907,178.78097759628434,265.0112254212621,144.76195730686746,165.73034536879098,196.9186883709605,115.76979031748752,,114.96548614242128,
1997-09-18,183.9576990937328,113.80274645325576,156.62291466394953,78.54590641698547,195.29045833200487,213.6784985651036,193.3078686268766,97.23740952391628,100.51714924758878,128.08376999095398,93.21967147583408,99.86504737497674,120.94221710522484,83.50052250022445,105.14883419850788,116.723943057727,146.38967433479922,85.48387096774194,213.6784985651036,213.6784985651036,85.48387096774195,191.8664527637233,270.6856141909066,158.41826646194647,172.7852905675522,213.81518806608105,115.70957000702607,,115.55785892089152,
1997-09-30,189.8293216213524,114.14377955620228,165.1053549273172,79.23157310894189,198.9790187497709,213.76366114436152,201.76045129357,98.45564242347766,100.4309778435383,128.24079605386683,94.4516030920378,100.2152188472215,121.54260485435188,84.44278904628578,107.46676023108168,116.94158652195244,148.96395472263606,89.16288989602772,213.7636611443615,213.7636611443615,89.16288989602774,191.8664527637233,270.6856141909066,160.34612496532202,180.3940527529152,223.62387771991737,116.67830566771912,,115.91250444097336,
1997-10-31,175.81836118727597,95.32102582757366,156.3890060323805,72.92115234205191,198.32837172427645,206.6245650867286,193.0337909282255,101.29252587810478,102.1312542340475,130.10121353837758,97.81815373291286,103.1274837714878,126.62785832755668,84.5027276478044,108.42243876806508,117.5143160628872,149.55445147133597,83.03119168221806,206.6245650867286,206.62456508672847,83.03119168221806,183.43785408977192,251.55305553499656,149.71951835350075,165.39596578783906,201.5651639663666,114.85427790043826,,116.76624223081652,
1997-11-28,178.58416032080413,91.77655511094945,159.12981448836527,69.45789007284816,205.50181780947548,216.1896941427446,194.75368033329383,99.58047782220912,99.950305223162,130.70030210449067,96.09370731036458,101.07547432140996,128.560981847149,79.66294290176398,106.16387015859104,118.0341536971376,143.61737237866723,79.17888563049853,216.18969414274457,216.1896941427445,79.17888563049853,182.25091712756767,259.1740063651844,152.6395059647284,171.19396861148914,213.97297023928,114.01400083821474,,117.5278780273198,
1997-12-18,182.163284146645,91.54237904692616,159.12981448836527,67.16112153143368,215.9955487682816,216.35849551753608,205.6343449635199,100.1032164114144,100.08457859360728,131.69707624298084,95.49776681514676,100.750431997823,127.31562707292734,79.3297892909253,105.68688573528932,118.41735813456836,140.6149372485706,76.5129298853639,216.35849551753608,216.35849551753603,76.51292988536392,185.4415113813568,244.44279969407668,153.69860687199753,179.5863966380951,221.81904866841944,113.95898504638974,,117.83147029955153,
1997-12-31,183.05250922956168,93.77500909421607,161.04255670254312,62.36994641166986,217.5846244289833,219.9024778416449,201.97926423013567,98.64067943702108,98.8245453097877,132.0162487839015,93.94800082777292,99.52134988181524,126.10710021037696,78.05885825073958,103.98326721592412,118.66730099450878,137.88277479952552,77.05945081311651,219.90247784164487,219.90247784164487,77.05945081311651,185.4415113813568,244.44279969407668,157.05491749521966,180.665672127691,219.7119106917392,113.90001840824957,,118.24440432242076,
1998-01-30,190.0139391067856,86.34958166606042,165.50375921468165,69.86251915173484,226.383442378937,222.33477528422787,213.06710368352336,99.38007090344682,98.16625277395624,133.7111061803411,93.16119857188366,98.037662547699,125.8761546056193,80.31321385928715,101.30916371474736,119.23127723142692,138.39210054500538,80.63183151159691,222.33477528422787,222.33477528422787,80.63183151159691,182.51455624488148,264.2612192534482,163.08213678281405,185.29571827730723,237.7198972741484,112.44692193341908,,119.36436606376174,
1998-02-27,205.9180557009749,95.31420516551478,176.67235067260734,71.24899471659886,247.8333360193996,238.37073658012127,227.03283626241617,100.471991069099,99.07001990572306,133.61040468347306,93.94544855418197,99.05336762054102,127.447175730298,80.98809147013446,101.72537092607024,119.74711810444902,132.43985763854826,79.75206611570249,238.37073658012127,238.3707365801212,79.75206611570249,196.0106353141793,294.6068635432861,177.18363694416482,197.9386452004026,267.8146668426199,115.21578833405822,,120.04019480337269,
1998-03-19,216.87035290179583,97.50591124045113,176.67235067260734,68.1335877078407,242.3536931120977,247.78568828464267,240.3640758342004,97.8620423567151,98.08517933622282,134.22485449487112,92.03944997339588,98.676290135318,129.6948921320164,78.20178008903432,101.56260543445292,120.12029004016853,129.78797420367684,77.64596107704614,247.78568828464265,247.78568828464265,77.64596107704614,204.09369846416192,301.15214763279346,189.82990076472123,206.18985019699736,284.2775054623805,115.89361679724,,120.44560430605353,
1998-03-31,221.68773918970803,99.13150236449624,184.10547629088487,66.29563843130765,252.9745839143276,250.5772600675543,239.3094223372052,95.6097361698143,96.6315757105189,134.06953523698994,90.51605519503204,97.6214699542517,130.62242115224305,76.80876851479978,101.59762038347904,120.34459065776052,132.82341292848932,80.23193814982673,250.5772600675543,250.5772600675543,80.23193814982675,204.09369846416192,301.15214763279346,197.0535290123124,210.5522511900085,301.7860728533737,116.03017334085168,,120.68783864046296,
1998-04-30,231.56275297560512,97.85603855947625,185.87694781977768,62.83641800032922,251.78270512305392,253.0982755847519,239.30799191692216,96.11666542662569,99.1238729958504,134.76932529997103,91.89691038561682,100.90296738305068,131.27724211128455,76.96761493288753,104.1838071885404,120.90870592646876,131.08581826615176,81.75153292455346,253.09827558475192,253.09827558475183,81.75153292455346,205.2234201285661,307.9268743986385,203.3512959425,217.0835535756416,305.58937090528667,115.58686321191372,,121.36548821464858,
1998-05-29,246.71474965514804,84.14423426700624,183.51970062489136,60.26536168684336,263.8410709494711,248.74804236118743,231.67732592725656,97.687408122117,100.5654120961672,136.04772226868528,93.13216578440812,101.94154256465885,128.88364524657075,73.71075809316164,103.1453363795432,121.45657350019808,124.62960154849306,78.09917355371903,248.7480423611874,248.7480423611874,78.09917355371904,194.17077083590428,294.0986356795701,214.46924126167207,238.34246801715207,307.4885976240642,113.97050023772304,,122.04061842525108,
1998-06-18,242.42785175169524,77.78737722808299,183.51970062489136,59.48323853494944,256.96354274166333,252.49841272528712,235.50192925653744,96.40043697132894,100.23705867438407,136.65705166498833,92.41106929686052,101.77196002459408,132.6521312706114,74.24409744782112,102.89471752957948,121.83663136144246,119.913655460311,78.17915222607307,252.49841272528712,252.49841272528707,78.17915222607309,194.5791310005946,329.9385685737551,216.0709547622285,243.75476415132965,299.2726756836598,113.04863938153608,,122.72727352106492,
1998-06-30,249.36231787673083,75.14550745725722,187.8472285887163,60.88748826669632,266.2304963995653,258.85191361839367,235.7808077178761,94.50446382703586,99.6519363392047,137.20152247008826,90.99786145169077,101.09207915977215,132.65606725052905,73.75996620228781,102.09699507613075,122.06405973998382,121.9545263984159,79.16555585177288,258.85191361839367,258.8519136183936,79.16555585177288,194.5791310005946,329.9385685737551,222.77638792531368,249.3829089677656,308.59692308374935,113.69146639605668,,123.02893358870756,
1998-07-31,258.60706222533776,77.26218624954534,187.51797534136776,60.4372571734822,283.8588351279462,256.0955581704436,231.07375541068728,96.79989029700413,102.32317893480038,137.49338613050233,92.90785481794536,102.8734355011354,130.69905931035416,70.81287438159025,104.08748039636752,122.65530752934936,114.60899660152178,76.36630231938152,256.09555817044355,256.0955581704436,76.36630231938152,178.82697420824124,339.7873337774163,224.9704273485633,251.8867543920788,324.56586415538425,110.6783023921906,,123.96091612823965,
1998-08-31,221.81296049049809,54.635776646053145,162.48381455297607,54.06019005606567,237.95958216583583,219.06998400027084,215.22083047803545,101.41583719180196,104.24164653909936,139.7310075270102,96.23567596622136,103.39148045497753,135.5804256615781,73.58732897205275,101.04100701763475,123.24862702633352,107.3473137749869,73.46041055718477,219.06998400027084,219.06998400027084,73.46041055718479,144.10289778655329,281.336195198974,196.9746564257668,207.6077730663328,256.0168408127621,107.36701653229936,,124.9905245030763,
1998-09-17,222.634851735998,56.88204801746093,162.48381455297607,56.099229379559226,236.6397004482625,233.42368806454064,210.6257270767645,105.64126096871146,111.7795767307288,141.16472375360567,99.87785268506262,109.42590826368668,136.08086902931035,77.76322002173404,105.64378127372468,123.57146071403604,113.55020560347523,77.69928019194883,233.42368806454067,233.4236880645406,77.69928019194884,155.37992079607795,331.9468087730989,200.859603210811,211.8477069187219,251.09412030892875,110.26994642030546,,125.56354305064788,
1998-09-30,211.5623144147088,57.94607129865408,165.32957193585366,52.441258082732354,214.74755306164448,233.1036934824383,210.1076911559556,107.23132635291108,112.66938420398088,143.00295277270482,100.83702706516844,110.18844219378023,137.7580555860501,75.16451882310865,107.49574650816538,123.81340230673024,115.6758155009857,79.16555585177288,233.1036934824383,233.10369348243825,79.16555585177288,155.37992079607795,331.9468087730989,183.2137454254977,204.1177150869428,252.6550027260209,110.42072692669416,,125.94675456506566,
1998-10-30,230.79635700707803,63.9778101127683,180.2469879570669,62.42917926892182,249.085800301178,252.0648116010733,222.79891517536203,109.82329901582418,113.39318409884702,142.24854494871053,102.9702370773878,111.56404378654356,136.67837066197484,88.48560041072658,109.44381203353834,124.35669551605216,112.23541374911922,77.99253532391366,252.06481160107336,252.06481160107325,77.99253532391367,161.71735642886793,345.5258678114134,203.6678539048312,215.02471549894287,292.5772279825417,110.01829208370744,,126.7259807294826,
1998-11-30,248.97391535985264,69.23654056020375,190.9378959049837,64.62258384768985,261.1238055133135,267.34192860226693,231.782454263536,106.1406845480398,112.6541515652524,143.05415692365463,99.94093641821094,109.59748016096516,135.21710288772834,83.5323283180837,107.28788921392714,124.9088575522125,104.1486410546879,78.1658224473474,267.34192860226693,267.34192860226693,78.16582244734741,170.1897079776075,384.3682925024058,217.54465914145567,226.3692341543241,314.2114444750134,111.0933937962468,,127.44554905701068,
1998-12-17,250.5483706687195,65.01227719170612,190.9378959049837,64.80560136027853,268.2072765354424,271.313586224995,233.09266141077472,110.20881494437845,115.40225748155537,143.7078632507809,103.34806533014095,111.53284903083016,137.75510285523342,88.28592507711231,104.2849651582584,125.21944759014464,100.288112461979,77.77925886430288,271.313586224995,271.31358622499494,77.77925886430288,180.72068837856327,452.9667184763036,215.74275262524205,216.27505331533047,308.6119909461584,110.81107570198388,,127.7350927089606,
1998-12-31,264.04055362277904,67.97244452528197,200.23713917257987,65.0417873373804,267.57214205156504,282.7475513642096,239.3493057988444,107.59606093712384,115.1749838927724,143.48427179163326,101.4383823751955,110.8778708890351,136.96887098888695,90.44738657522706,107.41011457290196,125.47282009871654,100.61279647485937,76.84617435350576,282.74755136420964,282.7475513642096,76.84617435350577,180.72068837856327,452.9667184763036,225.14316652891247,227.39993974438943,323.31785519877747,111.31913447599992,,128.0253214924959,
1999-01-29,273.05756685823394,66.94777757588895,204.59260695055264,66.53044524007358,261.35055546525695,294.5709278996333,237.8379624346904,104.33441229644868,113.71643570702064,144.50835481063,98.63385701736938,108.28517158467264,136.46672954944606,88.38038243639743,108.35573298432656,125.9813603929698,100.1739378640431,76.28632364702749,294.5709278996333,294.5709278996333,76.2863236470275,183.1226090175797,524.8044803000029,236.52014010211943,228.48617927735413,317.2468264586775,113.80767178980147,,128.59668759778762,
1999-02-26,260.4474725379376,67.59279328734796,199.1211182212118,64.3387737520601,250.9966851207159,285.4160352840586,243.06095237678792,101.3139690344903,109.11464322869554,141.9856969738347,96.65809453704878,105.35609798027964,133.52894909063642,86.3027458718786,103.98762567562282,126.4599215873159,96.68358472557964,76.52625966408962,285.4160352840585,285.4160352840586,76.52625966408962,168.29038446436385,474.99074827918025,221.0100095112365,211.1171744446065,311.6364086809984,114.32193962143648,,129.21855271801084,
1999-03-18,266.2397511224756,75.33689575514416,209.21489995363743,71.42244693771414,256.0889825017245,303.71549264774336,245.7309634329198,101.4989260134464,109.34162114352412,143.23507825701074,96.87882475901186,104.99265735199864,136.10745261987375,87.59183430483476,106.8405287131082,126.80621100592916,102.18091321838574,75.43321780858442,303.7154926477433,303.71549264774336,75.43321780858443,170.91780068882733,519.7394715417072,223.08627531533224,214.381848558056,311.41394452280247,113.97811498213012,,129.59587361986397,
1999-03-31,259.78422610568526,76.52438220451712,207.38265932897303,71.09620811461913,247.20055721381,296.8351012046355,250.75232746421955,98.78217674775684,107.1717605171818,142.77253409343055,94.4176175842239,103.09295352006892,134.93566434296952,86.54276864710621,106.45555113160852,127.03264815244351,105.94956693931805,74.66009064249538,296.8351012046355,296.83510120463546,74.66009064249538,170.91780068882733,519.7394715417072,221.21082285471005,204.84711867353352,296.36825217894176,115.09123866646942,,129.8565629717843,
1999-04-30,269.4375916968295,85.98670006873631,215.5288613914552,74.61526124181306,248.79901075754825,308.33018700212466,261.2038129204629,96.88773106165496,106.39669097588148,143.22483742682078,91.83073340881384,101.49991204397666,135.33996920939944,86.13485882959338,106.4363535808801,127.55242340446726,110.23289834000845,76.39296187683289,308.33018700212466,308.33018700212466,76.39296187683289,186.23355060188248,527.1605852021813,228.18078820285243,222.1507876701565,298.52628411690216,119.48875301002448,,130.42409566983494,
1999-05-31,258.17581017325887,85.48884813610532,207.6241640975135,70.60888450683188,234.21302401220296,301.0493790581322,247.4469919918608,95.9286913448113,104.29071003322925,141.97033572854977,91.80208992190823,100.279025348041,135.3552203589197,84.50579261895466,105.9255672188765,128.08694423567374,103.4591335218404,72.07411356971478,301.0493790581322,301.0493790581322,72.0741135697148,188.95408191884405,515.6835171341874,223.3499673347412,205.87495803112347,297.1690208858749,118.58363978170895,,130.93451062940883,
1999-06-17,269.0205348554054,93.18754901256096,216.0280236335904,78.09621987934469,241.12825666133187,310.0821996664605,257.0112654726347,95.1054055167526,102.8026823312008,141.3746607725,90.90339653308524,99.6622256163904,134.95088239033822,86.19911577200558,106.68117693344686,128.39058145292574,106.28495482075488,68.90162623300456,310.0821996664605,310.08219966646044,68.90162623300456,197.4982330569797,566.79249006982,231.4307435076337,218.155801930398,298.86344748106194,119.77880528384544,,131.22200618887936,
1999-06-30,268.2325088218976,95.16878052433616,217.27894150014103,77.26769402957018,232.05971168234703,317.75682104853234,247.4751567087874,93.47426420708116,101.80622905509765,141.51803239515954,90.55965073120016,99.82591578721706,133.7642429350047,84.9979367283206,107.33726015446145,128.62617638668934,109.24100652044,69.98133830978409,317.75682104853234,317.7568210485323,69.9813383097841,197.4982330569797,566.79249006982,233.693181903124,216.96332470157552,299.77827010864087,119.8954679677332,,131.48240532187026,
1999-07-30,266.9184256630349,92.52139807754683,216.59782121836804,83.24804439907439,240.64623380411007,307.83495729172824,251.13473470161583,96.66490232080714,104.40425277558867,140.91553021898312,94.2108390737088,103.53849550953667,138.1106511919165,89.88222161133169,108.71957535200612,129.19588315960206,111.1623509263307,68.23513729672091,307.83495729172824,307.83495729172824,68.23513729672092,192.0796077947429,560.4470431500263,234.3612490177836,212.9907228371433,286.2073185801197,116.89543875721225,,132.07204668362715,
1999-08-31,273.09468968310216,93.39342174570868,216.18343884978773,84.82073846300968,241.0406807526648,306.312020113945,250.12393144571976,95.72951601811543,102.87227282105516,140.84384440765336,92.81999334169396,102.37094726791136,137.22117047320785,93.8196345010142,108.30875889417064,129.80626193204054,117.61053974257204,68.16315649160228,306.312020113945,306.312020113945,68.16315649160228,184.9703265759449,591.5673648631983,242.09440135779417,217.0425859859365,294.96479338202306,118.48842462955103,,132.7743064826653,
1999-09-16,268.83123066704394,92.86660672894664,217.4276336985592,87.69593135171316,235.73894188910225,306.1073251669811,243.93451651198163,92.99254229761246,100.4831957623212,142.0915188857977,91.12925609394712,100.72568364162473,139.20543595798551,97.81614040236988,107.7851013994735,130.1209007726294,120.34983810398816,68.3417755265263,306.1073251669811,306.1073251669811,68.34177552652632,185.0107138449802,594.3009399748358,240.5833409065496,214.66302162130577,285.2092655118068,120.15082036339568,,133.1636090001671,
1999-09-30,268.8549517176742,90.20122020283264,214.0577428646517,88.27292852579905,240.5722069351154,297.91478662795106,248.4043455493245,96.19792679106928,103.69587909708169,142.4789636279848,94.08261756066278,103.73984349685492,141.5365545719284,96.7062272884549,110.88992475827366,130.39693780574066,123.72958460070116,79.64542788589713,297.914786627951,297.914786627951,79.64542788589715,185.0107138449802,594.3009399748358,244.90338925234752,214.4187034732305,289.77483177563886,121.03813990121292,,133.4026619212344,
1999-10-29,283.7798799332057,92.10730425307864,225.15508779650045,92.00018043043843,245.2308539590317,316.7670388649502,257.499455551858,94.91826162985978,102.17437652517646,143.00465957773645,92.60606587106544,102.66472337259124,141.9390086817321,98.9005187364529,109.7357189277426,131.01773589381082,118.82542882373411,79.7653958944282,316.7670388649503,316.7670388649502,79.76539589442821,185.760122059302,650.9732810302721,257.45518235233425,227.1438630144214,292.9019194187926,121.24986559783918,,134.08562829159575,
1999-11-30,298.7069337119127,100.3719594491761,231.46005610663937,96.96662689127122,242.9968418799433,323.2063795745256,264.21985595859434,91.75401747399717,98.34246661098014,142.9944187475465,88.9491867778565,98.5005504561216,138.63238120737375,100.80101702360528,107.06585283306909,131.70240546653946,121.61200260460808,77.49933351106375,323.2063795745256,323.2063795745256,77.49933351106377,196.8520367524148,732.2700022204135,269.1600252712485,231.91030378804447,315.4926540771016,121.54588385042916,,134.85346070908045,
1999-12-16,315.190015089942,104.76965152074986,239.13032089749672,93.768683523495,242.11104932919665,330.37510476013085,269.515895570618,92.85832182444712,99.02477661480044,142.60185359026443,89.68782623889066,99.40227300343211,140.11178199081206,99.89951251922004,108.31501116894478,132.0471145624472,125.29948532232032,75.16662223407094,330.37510476013085,330.3751047601308,75.16662223407094,219.1357124426445,915.2937112969688,281.3382405629177,251.3258714714976,331.64428334972,121.68003880661226,,135.1077226738499,
1999-12-31,338.5601234036429,113.16816313269622,250.1660236143817,98.59401616585512,247.8901634213812,342.2419937863484,281.38999837482964,92.11362491563769,97.62491887171684,142.30486951475538,88.83786033285087,98.48809132999872,141.06801974650813,100.48600046615172,108.23544415955048,132.38218411564944,125.1077076773498,76.77952545987739,342.2419937863484,342.2419937863484,76.77952545987739,219.1357124426445,915.2937112969688,299.37698003864483,272.85994781417867,334.2923456090763,124.42253018912922,,135.45082388624675,
2000-01-31,312.02481348755555,113.79830590906091,235.8111582886515,97.18603125271795,216.66248787112696,325.0469410041733,254.3491859312143,87.78080192667326,93.8067488753341,141.83891174111184,85.38821555059383,95.28106213548212,141.62048480351822,95.99056022020896,104.69910899901484,133.06957860666995,131.89039238598156,75.5798453745668,325.04694100417333,325.0469410041732,75.57984537456682,215.6164106936513,881.299188315694,274.33041873896804,258.5834449883661,301.3385084143334,124.81910906486016,,136.00448968535747,
2000-02-29,342.9637393006557,115.33726329829447,236.4188492463672,96.5657448020319,216.13982574949927,318.8939023254631,247.78580771964133,87.13267192033393,93.74010377825223,143.5542507979314,85.13854808133901,94.91170632155058,139.0469955692259,93.37815919150287,104.46140140713156,133.7181079835183,134.1961840708597,77.89922687283392,318.8939023254631,318.89390232546305,77.89922687283392,251.22227582261013,1053.3861298201473,298.08525074139527,287.261161924305,347.7165752253384,125.1860485726144,,136.61651874009436,
2000-03-16,344.367395931021,115.07972668534542,245.6990585155752,97.5333718849785,223.4442364629894,340.65522700144743,260.94082497283284,87.25586432347293,95.28004847122408,144.36156957790715,85.37139059878871,95.58871880476632,139.0911362462558,97.7771529998247,104.37439173113472,134.07587821021198,137.6321258774943,76.37963209810718,340.65522700144743,340.65522700144743,76.37963209810718,234.6590080437977,1085.705474551601,303.0274415527469,286.5593135590272,340.62305912747104,123.45035244821244,,136.9531565554522,
2000-03-31,344.3580372655143,115.9611437861984,252.7304619935582,105.62135352341058,232.5911369990956,350.0910037502009,262.9449551386317,86.23507774758656,94.22556465650317,145.44539077301204,85.31520750362006,94.34490370939363,140.81708846296948,100.2456783642527,104.00575557855308,134.4215425837227,135.49670410047372,74.40149293521728,350.0910037502009,350.09100375020085,74.40149293521728,234.6590080437977,1085.705474551601,299.94019234386855,282.9721041202205,326.8099142864726,125.83570239862044,,137.2554772399004,
2000-04-28,332.441251658994,104.97943818418555,242.015455955939,88.68642146788102,226.396536908411,339.5581027199537,248.586445787492,83.87413329436295,89.87529561144252,145.0289303452867,82.98934763505014,90.30757967727878,137.9915607683863,95.24729012056318,98.92905622032148,135.08020814238293,133.83314452898523,72.92721940815784,339.5581027199537,339.5581027199537,72.92721940815784,220.53804817303703,931.534798805912,292.7821000568583,263.50556563681226,299.9365228749186,123.71988178945207,,137.88163197477115,
2000-05-31,336.6456163270472,100.57156989386309,235.859529091895,80.97735398449177,243.101045776831,332.5913635324691,242.0433257706003,85.53778718066074,92.51051574935376,144.96236494905193,84.99759518809371,93.23859760408315,134.2536330991793,95.71397776978594,100.10656203417588,135.8850610492313,142.84044991927504,72.54065582511332,332.5913635324691,332.5913635324691,72.54065582511333,207.6847998025512,820.6893148792349,303.2063898891588,259.8945193979132,287.7529465649329,122.9798001239932,,138.7066856556074,
2000-06-15,352.03816071027177,103.8044763117341,245.22163694132385,81.92145489549682,252.76778776716907,346.32624209537164,249.026469787186,88.4454892995848,94.6274131779906,147.51915888648043,87.41770891266545,95.07763936636177,135.54993712164907,96.79547180832162,103.78950703161716,136.2706349099585,145.83931709318614,77.27272727272728,346.32624209537164,346.32624209537164,77.2727272727273,225.789515016211,929.252707670294,314.255295055073,272.68123694366693,298.13535551237686,125.0529632990417,,139.0743490573721,
2000-06-30,338.83467219591284,103.94694337421654,243.772171770485,87.57786249735922,250.84467366078627,340.7908437529097,242.9601624490809,88.80887919376467,94.30856344350028,147.97828943999733,87.6038947788976,95.0259268444825,136.3019021732984,97.10865963747884,104.11838603492596,136.65446386495486,146.2112765255243,77.18741668888296,340.79084375290967,340.79084375290967,77.18741668888298,225.789515016211,929.252707670294,310.7031580942786,256.0554931059622,289.38916301576734,124.88596119854176,,139.42245285086747,
2000-07-31,328.5237944037495,98.56842037247516,236.88055467516045,76.71665144124617,253.97268540315443,335.4628493062549,242.4593385882828,87.2147897967215,92.07390900172726,149.32154499991472,85.98362412894589,92.80581795142578,135.48871749361146,94.18797504942496,101.68030281496664,137.4487679361699,138.88626247669686,73.91362303385765,335.4628493062549,335.4628493062549,73.91362303385765,218.52541593277763,891.1430192682512,307.1617207774199,259.6539439532423,281.5104657500117,125.06450940298096,,140.12512380874037,
2000-08-31,318.2495222514784,98.98642812723136,244.55658205268583,84.37510960124806,249.3726513325365,356.29991449880185,246.409996040476,84.36847246580183,88.28398800724791,151.48577378006115,82.6471740904929,89.26914766605962,131.4433843890744,96.63957359901607,99.66715942400626,138.240291483469,152.5461827328761,74.07358037856574,356.2999144988018,356.2999144988018,74.07358037856574,235.1986268328528,1006.79199664471,298.0206929547749,249.6758784826188,278.7585090764048,126.91138877829808,,140.8474352838211,
2000-09-14,311.6360750260839,95.88894369732442,237.12048782915508,80.44627936660262,238.57809741371423,347.79601615210726,235.55702252601188,83.29214877722272,86.25844400362752,151.5984229121508,81.3245288210402,87.07827597003154,128.11837862952956,95.83646341160215,97.70579953317312,138.59645223444377,155.0196683584726,72.66062383364438,347.79601615210726,347.79601615210726,72.6606238336444,228.2856726163097,881.6174475119045,290.75086247540645,237.43596569391724,285.5448842654368,125.93108579654232,,141.19394982307765,
2000-09-29,300.5398628251634,90.33194547445116,231.524143055341,77.72938878164527,236.40322306024805,337.4896509688723,237.69457385548785,85.48245704649231,88.48613865568274,152.4381709877281,83.72447313802039,89.10009681130141,134.8947550133235,95.353882086075,100.4539708313847,138.97723443725354,151.59889036562635,73.11383631031727,337.4896509688723,337.48965096887224,73.11383631031728,228.2856726163097,881.6174475119045,280.30350040815443,233.8529598847863,278.83102651146254,124.85836809572172,,141.60861398098783,
2000-10-31,297.4528892619137,83.77532945602795,227.6165854229259,71.30673403293027,235.1216724212544,336.06288147502244,238.20120148352265,82.42739909507884,85.4664012413252,153.4468927614399,80.58996805514543,86.06895696706633,132.76806853475924,94.78536033643496,98.87634414405966,139.80986249068206,147.9337073740735,70.68781658224475,336.06288147502244,336.0628814750224,70.68781658224475,218.09574026498527,810.4482767128025,275.2069029904875,234.1404923808944,254.2336186130148,123.8134712083733,,142.37003509513767,
2000-11-30,289.75967243692054,76.44062409635441,213.76874041206,70.8385530942868,244.54489566582208,309.56783800485897,223.9376428171501,86.37214488847334,89.12867908277381,155.9558961579819,84.01433030108225,88.88078331073807,131.3014498676402,93.50109770598851,99.56848913399315,140.58988501516134,159.83016528557033,72.10077312716611,309.5678380048589,309.5678380048589,72.10077312716611,195.7077307964145,618.9253201095408,262.2182619602095,216.7758385113231,232.4602895792372,123.3381918136272,,143.03749101395482,
2000-12-14,297.4940938278551,81.29859436979454,219.22652117008457,71.19930999448809,248.8608498818973,315.83854664894545,236.31575615553243,89.22103742388153,91.78322542655016,158.09110925259012,86.18439830602576,91.0292196541648,136.13789854226124,92.2425041318672,101.58360169146626,140.95209923280456,158.0078316638272,71.860837110104,315.83854664894545,315.83854664894545,71.860837110104,212.51556592660737,578.2572225100539,267.0679323873198,224.9868700674738,245.4589249947224,125.24279994607376,,143.38616160060852,
2000-12-29,311.7739888926764,78.27860575958958,217.1983525987084,64.31779431052037,267.4865840961739,311.0829869547181,238.2536005317173,94.247644924471,97.61431162367062,158.8489306866477,90.40769144185174,96.36429327373725,138.3022527400553,90.25264359146942,105.43783042290175,141.33292831291504,164.9439384884354,72.58064516129035,311.0829869547181,311.0829869547181,72.58064516129036,212.51556592660737,578.2572225100539,283.14067744214805,236.35611412856645,248.20136766669364,127.03905587426614,,143.7255679975405,
2001-01-31,310.35072543411445,89.04817633999392,221.3807681528029,63.39095535092999,260.9882700755513,322.119921779102,236.63427632497329,93.46997036008636,97.80309998931509,161.4466879448361,89.33621505942065,96.16411926618264,136.39338718656788,88.62089400277611,106.46992611698047,142.14872435285085,161.06913807098454,70.8744334844042,322.119921779102,322.119921779102,70.8744334844042,223.57943390511235,640.3473712777247,284.73182177815966,248.02461701293785,274.88394708541983,127.78365250974755,,144.45147195039652,
2001-02-28,276.6143173128499,82.0688558504689,202.64694814283192,58.5928638258367,244.5773450765756,292.74848256537445,220.145915215814,91.90579403406848,96.92256959394712,162.85309529092495,87.81519570026498,95.1792378340426,135.18625875281663,88.04525928157003,105.52727487595622,142.74022098918576,160.39033440669354,71.22100773127168,292.74848256537445,292.74848256537445,71.2210077312717,208.90988029662205,471.2851257000472,251.2504938702177,223.46318394506025,255.94531558573155,125.07751415454574,,145.01769502164188,
2001-03-15,261.37697909929244,77.54513522362222,191.61447596695777,53.02437601287376,224.99052383895705,277.26192995674137,212.39242163903248,89.92022433834741,94.59236370790944,163.82256054890857,85.58462525994037,92.66273504487452,134.58282169869182,84.47796830543635,103.24218325924052,143.04131364283484,156.34962402661702,69.48813649693417,277.26192995674137,277.2619299567413,69.48813649693419,198.6907793621055,388.5550045641826,235.5164489851064,205.9942505413056,246.74171368979304,123.45229172812726,,145.31027942852805,
2001-03-30,254.6122683282793,73.97093408463937,189.30245634622327,54.9236103305254,218.71249435181664,274.20268016626164,206.2882634274583,89.00503567808562,92.77497241864783,163.6706549010907,84.2885172017311,90.70377152692654,133.04826555875678,81.80931010577092,103.075182967856,143.3327960797105,153.55680632241842,68.76832844574783,274.20268016626164,274.2026801662616,68.76832844574784,198.6907793621055,388.5550045641826,230.20925674271496,199.1943814280386,236.77984460063087,122.4426690066818,,145.60311533445702,
2001-04-30,279.772090176183,77.61715154092106,203.2567345866087,60.2359520415392,225.6045389074848,295.51110245752443,221.421997431948,88.83586847945782,93.03757889522224,162.99134649848952,85.01005208420759,92.34409029541628,135.1977918364592,83.710275032727,104.53235377057456,143.92678112179777,158.95958397630883,70.39456145027995,295.51110245752443,295.51110245752443,70.39456145027997,214.2342685977765,458.19455752103255,254.17535767295703,217.068114151236,252.3226528130345,126.18531881709112,,146.19866641084275,
2001-05-31,261.6937150480319,78.51578993504114,200.60812751731183,59.37377796373855,222.75151331664,297.491005443294,213.50646699859203,85.89949712970476,88.77797058020327,163.97446619672638,82.16294772632638,88.15498085479936,134.54803029909658,86.69863973709455,102.25107097975932,144.45739238758998,155.62622091000728,70.8744334844042,297.49100544329406,297.49100544329394,70.8744334844042,219.5003197325465,444.5735573483338,236.6128471485614,201.7175001093572,233.5213548930892,126.4158706760358,,146.6763620906931,
2001-06-14,258.549334582889,78.28565083410795,195.52063660866543,56.51358517312563,223.00873250704507,289.10528498988367,209.39760425555565,87.65703242150737,91.35360883354392,165.6061718069945,83.55085394459142,90.08987836563868,133.0970227076519,85.19185194685312,103.77086271362212,144.67771639483632,156.93744480817782,73.48707011463613,289.1052849898836,289.1052849898836,73.48707011463614,227.0796638881721,452.0588162731604,236.14980090596683,202.6964701019984,237.81057303503027,128.08111581561187,,146.91830172700702,
2001-06-29,252.4843898056254,76.87663593043534,194.2946026390902,55.53701090513552,216.3416228651096,290.250493113344,207.736038757818,86.85916744597867,89.89953543614654,164.5940364232194,82.6388455871503,88.85338394991214,134.8746593470636,82.93084689741546,103.30787595076885,144.90769368152226,149.41976112533345,72.20741135697152,290.250493113344,290.250493113344,72.20741135697153,227.0796638881721,452.0588162731604,229.3435375329,200.4442995543565,219.36339766625173,128.84835959668496,,147.1153215237493,
2001-07-31,251.45915882886263,71.984223070461,191.69759691404764,50.64883858396498,212.37630108323924,287.3932293209849,204.83683048030755,90.67922557874115,94.13431666228914,168.273908071481,86.0197297455389,92.08729188520482,136.26642695237678,82.70231602123721,106.32884622516976,145.3958716006805,151.36518923547624,71.08770994401496,287.39322932098486,287.39322932098486,71.08770994401496,214.78734980984328,415.87842005279686,230.5881140938108,200.1915660916216,217.57453888964025,127.72411686318412,,147.5958660615237,
2001-08-31,239.8439675762241,71.26249432535758,182.46802855798265,48.14137793735247,212.1077904889423,269.4019148882134,203.061450914012,94.89170171084312,98.96107020643474,170.20089095222656,89.6062056107672,96.21816289684128,139.6508014047913,87.03025188802891,110.52263263320842,145.84033870261533,151.29918204604454,73.1538256464943,269.4019148882134,269.4019148882134,73.15382564649431,207.8497144844453,363.0671304862707,221.3348770052652,184.46315901714289,222.2434737895566,126.70728275386874,,148.02305620578355,
2001-09-20,193.35588243757792,60.404468920444906,157.8955731983841,44.88034619486062,182.3524662718027,234.14325260101407,174.8803964634015,99.9596012869318,100.83647224894976,170.84606325419452,94.07699833641772,98.07080411893666,141.2570610864003,88.83420385580226,114.520499213443,146.11500467383857,146.95162743401517,76.95281258331114,234.14325260101404,234.14325260101404,76.95281258331114,179.8714338602376,288.63148545629514,179.41898488186408,137.73823309726023,182.6546485080535,125.30114718194072,,148.30491686960897,
2001-09-28,210.9930481037945,60.222862555082656,166.36535323346604,43.63985128873421,198.75070003289133,247.64702396573168,189.32142625123493,98.02867297425476,99.4684207761716,172.1841983990169,92.10447440522508,96.42375618010142,142.14682831935482,86.47201044024672,110.6232029378073,146.1973161264715,141.09304337742736,78.17915222607307,247.64702396573165,247.6470239657317,78.17915222607309,179.8714338602376,288.63148545629514,192.3340846770941,153.02086006030095,195.14815491144805,124.81103910226184,,148.37234642294968,
2001-10-31,220.0434603687884,63.95753483587268,169.54211010207644,45.20013100945373,199.3701352835688,252.36939903663,192.18288086294697,98.88421005306132,100.5686508323103,175.78726382085378,91.53929974064924,95.58156953105548,140.83191043217593,84.45609218805448,111.1337897630894,146.53369178465917,134.39598961724752,74.55345241268998,252.36939903663003,252.36939903663,74.55345241268998,190.3968049182719,337.1721806922757,202.2476558535766,159.99596662331763,205.4809244743843,124.42190776349292,,148.67822112519573,
2001-11-30,230.3781778603644,70.63000319082009,179.54639711730977,46.24341071593328,203.51269491848663,271.72771677939835,194.79921761750705,97.3049057537764,99.65360926580765,173.36360067589482,91.25464988143528,95.41815619084734,138.4584365626801,83.73422839704276,111.31853221147227,146.79012574528232,135.43426486722743,73.1538256464943,271.72771677939835,271.7277167793983,73.15382564649431,205.137036247574,394.33547973256384,207.57279546552127,174.31302052995966,220.0967850450927,125.8822670246632,,148.94107371147498,
2001-12-20,228.73683943826552,74.00850781540397,178.12181584344634,43.29079372606395,206.7365789933457,272.0656581475868,193.3727363849576,97.07974322546428,99.48067849467176,171.64826161907524,91.9236932387574,95.97838249384672,141.032240469893,80.36544731626444,112.03043805439027,146.9506815228197,132.02954267721594,73.64702745934422,272.0656581475868,272.0656581475868,73.64702745934422,217.7984450901421,389.6504083092791,206.1541191747181,173.06288602045058,217.5023736546925,125.54392286947116,,149.10646608816575,
2001-12-31,237.86180945464136,76.23162021897632,180.6569174177676,42.74263795454479,207.04320041355533,274.1082055753552,199.4128943313601,95.36630135600652,97.71853248299313,172.2627114304733,90.36734855297875,94.95446330941412,141.77797033983816,78.5354429679413,111.4279863633254,147.0341715525269,132.76632562952128,74.36683551053056,274.1082055753552,274.1082055753552,74.36683551053058,217.7984450901421,389.6504083092791,212.8583695028166,178.87932963276037,219.2712211008035,124.52709163074071,,149.20451688325332,
2002-01-31,221.7954970729652,78.80385520423643,175.1655215708463,39.624879707786754,194.31326639102403,270.1081039897736,191.56198758482788,92.05439785931767,94.9459201186753,173.65717114134054,87.39853316651232,91.9924516805429,137.98928464495268,76.78134338699557,110.06149030749128,147.26017532705075,131.87344459410042,75.32657957877903,270.10810398977367,270.1081039897736,75.32657957877903,215.5333924184121,383.0311104532112,198.41617133695595,171.06439962668983,204.1009624396536,125.04941960247405,,149.41817283398314,
2002-02-28,221.5960836255537,80.08136205023293,173.62490275635008,42.39052442113883,200.559795762362,264.8989646736139,190.83465381394905,93.78185974048571,96.20469862794914,175.3400809025585,88.67708390937324,93.3030420609779,139.04042583254162,77.54404063630041,113.67375533633626,147.46347618021062,135.29065463076114,79.05891762196752,264.89896467361393,264.8989646736138,79.05891762196754,209.6267543219988,335.8892754052256,200.7798678214693,170.73537448945768,208.67306074493385,124.27508784458622,,149.6426286139739,
2002-03-14,230.3209985292794,83.75106308824249,182.24887564076045,47.824320116180864,211.77524785229312,276.14347270310753,197.7584943534628,95.82149100489036,96.72435966655324,172.06301524176894,90.96651933843832,94.83284029489556,139.56940007314302,80.0663812280405,115.23361810327452,147.56870775529586,145.7144386266937,77.64596107704617,276.14347270310753,276.14347270310753,77.64596107704618,226.47497672122688,359.01611032985494,207.66981431833383,181.4904498329905,214.88854455950727,125.14452597612028,,149.76097323236792,
2002-03-29,232.05871824031752,84.87357829483501,181.27307763164683,44.517574973006106,212.6989572555909,274.86163197236857,199.5668336097289,94.6329209926907,95.57509998640248,172.42315110344944,89.60624172828706,93.798013194275,140.38068676981652,77.91399541260418,114.749129666775,147.68860733034705,149.12451275098343,80.68515062649965,274.86163197236857,274.86163197236857,80.68515062649965,226.47497672122688,359.01611032985494,211.4860490378055,183.3505583350096,212.2083275592564,125.02060149946644,,149.8964491775427,
2002-04-30,227.07165478304097,85.41761460486417,175.11165011669246,47.91787326168546,218.83901783724744,258.19736385415683,200.22814734811465,99.62569807275771,99.77467585001826,175.7667821604738,93.27227197197124,97.19329731789075,143.96856523873748,80.45768007439402,121.3158228634634,147.9478828854381,149.1254047400298,82.23140495867774,258.19736385415683,258.19736385415683,82.23140495867776,228.5380930477804,315.60950336762664,208.6416638707273,176.9135047567121,217.22693969397645,127.4608603652711,,150.18204497434496,
2002-05-31,227.4806288710944,84.03599721320742,175.40362117453748,50.75670322490353,226.9780495647913,256.29517383832643,197.22912842589923,103.41200750719652,103.68294602010762,177.2602365631774,96.354171509314,101.12616150176318,144.25887403653672,83.25754981235269,128.76448443363816,148.18293508437236,146.83210090180094,87.05678485737144,256.29517383832643,256.29517383832643,87.05678485737145,218.3952791769972,298.65294944859767,210.2187212586946,175.42575644104198,219.74117874907188,131.07049727882992,,150.40958047877632,
2002-06-20,209.8763163326536,79.24378096860534,164.00085914928513,46.04741106325863,205.1828495521164,241.8671429901715,183.1498696923231,107.24002702468638,108.4393078486034,178.9431463243954,99.17592194431846,104.6343608953189,148.85272898150362,83.72364701571215,134.894504559847,148.33194125798497,146.55112435219297,86.36363636363643,241.8671429901715,241.86714299017143,86.36363636363643,207.559150521108,259.8648015197495,195.9095399755072,159.6333299222162,201.6063877706264,131.2854683923486,,150.55724554518474,
2002-06-28,221.3887347207864,77.70873750965978,164.7308741058169,47.66239314356192,218.5442206835,238.03922896543543,190.6141481607688,110.70044210781133,111.69821600678544,178.7929474816092,102.09605037919708,107.61096743513012,152.482425687543,86.56924819614682,137.65732492285906,148.39127403448816,149.68022192687476,83.83097840575853,238.03922896543543,238.0392289654354,83.83097840575854,207.559150521108,259.8648015197495,205.0120851407908,169.33803981191474,202.85908319438664,132.25971647299608,,150.6279794393686,
2002-07-31,187.29262715080472,71.76817411856453,150.8312531268582,44.18578389818999,190.04867980378745,219.483098698858,177.5201386499323,111.82634991914452,111.63458421960542,180.950349041629,101.91932082363564,106.43679357148876,156.06005797871742,86.29753776855479,136.02558114365593,148.6354395099724,148.8694038837203,80.92508664356178,219.483098698858,219.483098698858,80.92508664356178,176.21189853820525,237.82350183800872,177.4809460155657,140.97126582080503,181.7576724783413,127.013797296956,,150.86451079161588,
2002-08-30,190.2730855304754,72.86485738525637,151.0888232885337,43.54047061889228,190.2055945119171,220.92409017413456,176.2384703385412,111.47096291159188,113.685851279877,184.0055300483026,101.0559507965684,107.2441134269553,155.18194555413396,87.31269259996417,138.6317448019344,148.85096089726184,154.73512385267912,83.37776592908564,220.92409017413453,220.92409017413453,83.37776592908564,175.76315110447962,232.97560012829072,175.76879012046004,142.13982444465364,188.33480815166192,129.41621830205824,,151.0753289794564,
2002-09-19,164.3387782493481,68.9117877943971,138.7796762299413,42.73645959433139,174.01239671123392,203.5885106707188,159.97341805112404,114.90970931513004,116.02755614179031,186.4547952687365,102.26253806998804,107.98259504382985,156.2432434087182,85.25568401242906,140.73567528465523,148.99443668457116,161.03791845436143,86.20367901892836,203.5885106707188,203.5885106707188,86.20367901892836,163.14100766236243,205.81748205166176,153.61434127631432,115.71252065061454,171.1423480055807,128.36562803317867,,151.2232590572294,
2002-09-30,155.48661705207388,65.000988650648,134.4538945045006,41.43727207222507,176.76708775034336,196.9141686489964,157.3655232289469,115.62369586006962,116.26147667335992,186.98561163358312,102.73289772289388,108.01633410497688,157.60664898103698,84.91285926056091,141.99629096682028,149.07319679929637,160.56248829264382,86.25699813383105,196.9141686489964,196.9141686489964,86.25699813383105,163.14100766236243,205.81748205166176,145.6565440101845,106.46495640443844,159.64457539004778,127.42823394562583,,151.3168539571498,
2002-10-31,178.42113677478332,69.22411943137786,144.36100335365094,37.94895237239102,182.72358121828543,214.2458540384501,170.5860165073521,115.15435915565754,116.07759824868602,186.13391592278413,102.68642921139396,108.72764643410378,157.704735635761,84.45018005716712,142.29322232352217,149.2843631234847,158.90606463352637,84.71074380165297,214.2458540384501,214.24585403845003,84.71074380165298,168.37115900243444,244.65743961710223,165.81788879923408,121.6784207392087,181.476057562888,130.0720607230843,,151.58270455087805,
2002-11-29,188.99929522633693,73.98815537790648,152.12242178816572,40.45754316537485,188.1108335372981,226.85618021282176,175.67490919600604,115.19770723479522,117.30108829825996,186.084418576866,102.29406449845848,109.44704495544624,157.47570514274597,84.40432216609774,145.28705284240831,149.47376765919762,159.35651910194548,84.81738203145835,226.85618021282173,226.85618021282173,84.81738203145837,183.3974668207366,275.9800656255399,175.8283826181186,128.66401891081935,198.7110381211503,129.79069381460673,,151.79244239329947,
2002-12-19,176.91928718304985,73.46134036114445,143.88890780647154,37.417965097360245,183.13425497790183,214.47933156687293,166.75865547859755,121.87480315566778,122.84814195102304,188.76410247657407,106.6256127014516,113.24555604212829,162.4747627474062,85.76811567913153,150.56664838249614,149.588364214403,167.83755095487433,92.12210077312726,214.47933156687293,214.47933156687293,92.12210077312729,173.1862189663103,243.43621246885272,166.79197483814366,118.53963750894944,189.37926464620423,131.08099658319873,,151.9317016850689,
2002-12-31,180.20441116230657,71.52707601282499,144.7313805149484,38.87049276546661,182.4733989912176,213.52882914151715,171.79182383814273,125.64313407269682,126.19356143955726,189.92814350816707,109.7213054183692,115.81822759928188,163.34031837743572,87.07532493796943,154.2970229172086,149.65293652495552,167.15963927962972,92.78858970941091,213.52882914151715,213.52882914151715,92.78858970941091,173.1862189663103,243.43621246885272,170.9562502962912,118.30175314254603,189.3717226586551,129.5750266479615,,152.00031825843442,
2003-01-31,173.49231086247823,71.21161323161384,140.32081891595283,37.45370339332304,176.78393996369277,207.93518839892656,159.22480876241258,128.03230766559378,130.89470323327546,190.0902899861749,111.35978042702612,119.12836644132996,167.66806952562982,86.29116863819988,155.57331555996527,149.8185316562464,180.02658127358202,98.14716075713152,207.93518839892653,207.93518839892653,98.14716075713152,168.39247450553643,243.13028890040235,168.19515613461448,115.30815857219018,192.439566035944,134.3616100879135,,152.159275781744,
2003-02-28,165.85430385200613,69.21081206839872,137.8649965642761,38.13289686173132,167.27809841033044,204.8153258780804,156.61437072482408,130.01145260894796,132.84211581306067,192.72218334499647,112.38887446166368,119.82509517337594,160.55019666882825,87.58273714416396,150.97755070982453,149.96943221063125,186.0840788875113,93.29512130098648,204.8153258780804,204.8153258780804,93.29512130098648,163.3048004756723,249.8828115362793,158.25221565994826,107.2754956552781,195.10445654794063,137.82830366501645,,152.33459554060295,
2003-03-20,164.1432709732397,69.33605783761406,141.36349785518286,36.67751883510424,169.27009583204324,213.45941232741032,161.86753791301643,125.39804756147832,128.89342129975466,190.7730119988394,109.55711805453836,117.85839569593278,160.23776090673397,85.96676576401066,146.0820789146529,150.0756605584471,171.80244226600902,88.57637963209818,213.45941232741032,213.4594123274103,88.57637963209818,165.40718220267678,252.1130930353048,157.7893100106476,107.7649268019127,194.92582900854325,138.32755495967868,,152.4549946023351,
2003-03-31,159.59101940263238,67.2342772729691,137.40992684134304,36.54966631185907,165.67071348636523,206.8038636382876,157.0119869256572,129.07964199332218,133.84473070482466,192.5719845022104,112.47747354956806,121.28084517881368,162.087020173698,87.59042138986874,149.35909833744267,150.13045901839268,172.04417129757655,89.96267661956819,206.8038636382876,206.8038636382876,89.96267661956819,165.40718220267678,252.1130930353048,152.01095399866003,103.11267694060146,192.8952288230197,139.83322367644,,152.5128433965669,
2003-04-30,187.52912936379508,73.21319718088654,149.58697096616768,35.66271027721875,185.9621583226288,223.83841120150345,172.81457976560574,128.50104010416973,137.48928899738092,194.1610199866869,112.22779326350224,124.5006921393798,164.1494774610018,87.01016447353821,155.859201175839,150.27558512877712,170.97289245288073,90.255931751533,223.83841120150345,223.83841120150345,90.255931751533,181.09090501138687,273.7621197542745,176.59114820439189,128.2211090715374,218.8620261082972,143.86222713770994,,152.69194205086043,
2003-05-30,199.6572706676594,78.44768754803029,158.10355018994724,38.23135439368469,198.26863570789703,235.63181999034933,182.95770168025365,136.25590355813688,148.10235056194142,197.78115345884044,117.16459854295314,131.52447738616482,168.53215760338733,86.7056483469257,163.79870383011124,150.42586071390588,180.96762971750712,97.1607571314317,235.63181999034933,235.63181999034933,97.16075713143168,200.52391262887463,296.5460242271731,191.6467285509817,137.04210330091237,231.7798594083524,150.9641901884459,,152.87676082992246,
2003-06-19,212.58466062589088,83.98120218917568,164.81862258462507,41.665836429615965,207.9527949556584,243.4813378821099,191.82465811263629,133.76429132472322,147.77339367596494,198.39901688030184,115.68282358958348,130.88610342138637,173.25487619914222,87.38045937609479,157.5004616979938,150.5232196737568,179.2291430661232,96.33431085043996,243.4813378821099,243.48133788210987,96.33431085043998,204.15315749913057,297.5057360669087,203.2672637986676,148.2825288972383,243.612445305622,153.71319554592253,,152.96724512347015,
2003-06-30,203.19231487972925,82.89469514123257,160.81991130855263,41.061677673473255,198.0601843875174,238.63773735047872,184.5794563379257,130.4648956727642,144.6349059992629,197.3885883015584,112.5911328066411,128.6639641095747,170.9725912553145,86.34552255298492,152.64437042757584,150.56438359313702,176.49341266089257,92.34870701146367,238.63773735047872,238.63773735047872,92.34870701146367,204.15315749913057,297.5057360669087,194.8311007627371,144.48071812824944,237.7985446568537,153.62129737473475,,153.0293405726189,
2003-07-31,206.88388789272923,88.04934133050155,164.06686696020952,42.96484950346681,205.9794810900344,242.84524283186727,185.501691290771,127.71319844020644,139.08369918852264,190.75253033845948,110.97243046246652,125.75690412938184,166.9050520872183,85.80389176146687,151.34394045609423,150.7024636799239,177.55487962607825,94.46814182884572,242.84524283186727,242.84524283186727,94.46814182884572,216.9267532001301,316.174475119039,197.8582103996243,152.65798109876917,240.8140563505125,147.70589782319038,,153.1625461178747,
2003-08-29,205.6462241102006,93.94137198602589,167.59138720304145,47.92103121952509,203.50296466540968,247.58133195628432,183.46113788564188,124.41281405900564,136.34821478051708,192.0189796719521,108.69543727164069,123.24241185038824,164.1556389702519,88.46409255268445,147.2939837241374,150.83236083125692,184.56680551962828,100.11996800853112,258.2080044144998,240.3965483568665,100.11996800853112,226.87211820007408,332.15898157057234,199.67480803515303,149.2130977826355,237.5504057358293,149.9485714190275,,153.29859144846407,
2003-09-18,214.87058514108577,96.25372200016416,174.877916108962,51.85738101920394,217.70136387628173,255.5676517646262,194.965247948988,125.76645243468468,140.1968376085665,194.92908225093453,109.8937880060869,126.35910158908594,168.35913675804224,89.74433794920446,153.30954101690034,150.92411718409593,179.39148507256334,100.3332444681419,252.40881626741333,242.0036778873931,100.33324446814191,222.68530464341407,322.88258949497964,210.88008802015216,158.39467884880912,246.1610389317194,152.99464246602383,,153.38833065670443,
2003-09-30,204.4350126130911,94.62552700036468,168.6000144937788,49.795724472266585,212.6395418565312,244.95212779466164,190.07900604216627,133.28820830592383,146.8706672455784,197.10184505623928,115.36617876390076,130.98787946426873,173.2109209527453,92.76156304847308,157.3879488650358,150.97920448686813,184.72111962465107,102.73260463876306,252.40881626741333,242.0036778873931,102.73260463876308,222.68530464341407,322.88258949497964,200.5384041748273,147.94400660204576,237.5615470737044,154.14098152662882,,154.5779286496272,
2003-10-31,218.7347607168052,102.67648160273848,178.58823611587712,52.18783742523233,216.38738813724305,258.808909055508,203.50659032663145,130.88666246119288,144.3211030752104,195.2636160371401,113.63738238776742,130.5220790452192,177.3172100824276,94.07355552108736,156.3829911461348,151.12156529509886,193.54289129329496,102.43934950679824,255.50341228157487,258.6681467218039,102.43934950679824,241.38573207534463,351.00535366244816,214.6255937614633,165.1929530755212,252.1809803294682,158.28332718788673,,154.18811488795592,
2003-11-28,231.19161028193312,103.92580815066154,181.28748409831687,50.06569417332264,229.08891064175927,261.08611917681816,209.9407187793345,135.39193569954108,148.92423170084643,195.7312806158153,117.92574427817208,135.2378929232316,180.5738577425749,94.33589790867484,163.37425521038745,151.25379666473208,192.93366277462115,106.1450279925354,257.1651679494535,257.9581921541088,106.1450279925354,249.95119871658235,353.02839661510404,225.4083515998093,175.0836963960863,265.82600334355,160.94246730861326,,154.20394479448893,
2003-12-18,247.20496166357267,107.14932113584145,187.16671949037803,51.01332217904358,241.0515510448536,269.0158896780584,219.07574948213497,141.8625021565314,156.18581479778194,198.1276348802677,121.8469089673796,140.27565819042718,186.41970427174675,96.08726303372566,165.96946790572616,151.34622954047163,210.23914226333304,109.50413223140502,292.2061688440563,270.6298616704638,109.50413223140502,255.0231665862661,363.9084202995093,238.9138774331524,187.44219523977813,288.04848132167126,157.7572307849913,,154.20485951566965,
2003-12-31,254.8066285694842,111.45073052233089,192.6470267235593,54.13270153014804,246.3274053832194,274.77867041404585,224.62898881675773,142.7917339106427,158.32076428671616,197.72312208776395,122.8883011813303,142.29228260626329,187.9501162469807,96.45434410250483,167.47913513407286,151.40634762609463,207.1635640314337,110.7571314316183,292.2061688440563,270.6298616704638,110.75713143161828,255.0231665862661,363.9084202995093,245.94391705262296,194.6192683308952,297.8069804185424,161.81920425492595,,154.25422871769288,
2004-01-30,259.88003171087587,115.34274280069766,195.738217911342,55.45862691894349,253.9178661382909,279.8222252321653,225.1062620809352,141.57438714329115,157.78813722623926,199.3138643772722,121.20775280559911,141.20805772471127,192.5871893738137,97.8345787583004,159.51705580055224,151.54387505852165,210.9197299057168,107.29138896294327,298.32753411042535,279.2531218504059,107.29138896294327,266.1027407249515,370.1773863271905,249.18866693313043,197.3414640468985,303.8078648119758,158.70967607269935,,153.99887074461665,
2004-02-27,265.216965803732,120.63202819187312,199.0159073585615,55.03213488367552,256.4048271273988,283.7115985337814,236.7096346538493,142.336240114846,160.11633427267645,201.47126593729203,120.66854586714128,141.61153669518288,197.92053086456497,94.7815112227872,160.05385162939177,151.6705825762789,224.6046258551945,105.61183684350844,313.29181346657674,286.6474006246511,105.61183684350846,268.48783333520305,364.6584264673232,255.466245278472,195.61921476401653,316.795931519903,157.9150080179123,,153.8750999247243,
2004-03-18,251.090018282129,120.07781566309524,195.93370929845767,58.4583718384162,249.03816012777577,278.38072582898064,229.1267617144959,143.64128707890404,160.24203789972285,203.45628018911404,121.16314386289775,140.60958619360227,194.875750799466,96.80490632697774,163.1476602372788,151.75905708278174,231.96264349873783,109.66408957611308,311.83353808456087,283.82241169209914,109.66408957611308,270.9896002782234,356.7364863197891,244.19991138721767,184.81002713946,297.8772690956866,158.9297235598431,,153.72111393125175,
2004-03-31,252.1609335222149,122.13967413880285,197.6953145804796,61.378849955696,247.76540603194883,279.4314593615346,230.2642283823824,142.4242228425894,159.34856404265358,202.98008158528057,120.34892017819874,139.86202367477642,196.28659527218943,99.22004689459628,163.92305470276693,151.81673606329662,231.5398406907564,113.68968275126636,311.83353808456087,283.82241169209914,113.68968275126636,270.9896002782234,356.7364863197891,245.1100139658483,185.099587152988,303.6614665502016,161.24867791257302,,153.73137946217753,
2004-04-30,246.30058680321423,112.13879946695766,193.6462243270218,58.11489684193285,251.3881270181556,275.04482463788975,227.47948009183003,137.98304178461132,153.44936316486294,197.6992268173207,117.61016089868215,136.22885217319407,189.73248668769816,93.57393837045636,163.64567238441506,151.9508408468192,227.4331231212481,103.1058384430819,316.9459802668608,270.7206913671141,103.10583844308192,257.1737886623961,347.5957861495574,241.97050386571345,185.9988921318769,299.11070487708747,154.12089448437996,,153.60168374761187,
2004-05-31,249.3254740589604,109.9015969143486,195.41053627853924,56.02876907492212,253.37781166062464,278.8192369229728,231.9846675539779,142.10171475489463,155.76782004810903,196.90726928262995,121.5240244561884,138.88044372591077,196.23029527495493,94.42915196329425,166.95933777494878,152.0960805255286,231.28919176872515,105.45187949880038,316.1405374686543,275.70334901193013,105.4518794988004,261.2663652579737,363.80480102632447,251.575838483212,186.2555780870308,300.2023228016956,155.50686524244824,,153.76743656009674,
2004-06-17,252.2049371411656,106.84794850366704,197.5668787473187,57.81275864607694,257.32423099600067,281.90371379955474,236.03339330150536,141.34060307080597,153.69765006283774,196.87825359709169,121.70155358988612,137.50740612145177,196.93880607755057,94.31541610929416,162.57404629520585,152.18729592493267,226.48939871018388,103.67368701679558,336.53943612638824,277.0676481289631,103.67368701679558,272.26965233292566,376.3328645794787,253.87872512571124,187.24390328083933,302.4873195920461,154.66348023895188,,153.71682618062673,
2004-06-30,256.0306798041986,110.36970297679096,199.42208240673585,59.57815166857213,254.1456825238158,284.2408594140205,232.75329651329827,141.96349948451467,156.36483987456572,198.02010616327303,122.07869888395356,139.27202320245462,195.69608487717943,95.0769267628642,162.74959831276553,152.26505940572542,221.6994175311528,105.10530525193288,336.53943612638824,277.0676481289631,105.10530525193288,272.26965233292566,376.3328645794787,258.231346771107,192.70427222907497,305.42735334691645,159.24158345285585,,153.71005839889386,
2004-07-30,244.41855615548505,108.34933216213592,192.9109706553373,55.5785873821152,244.7101809626753,274.8333573188179,230.20094593858383,139.07448331600511,155.39944490533037,199.9829319496835,118.99858270265912,137.41933958136264,196.4318936266447,92.86099360749404,160.8804222414352,152.4642728584479,225.6161414337832,104.2521994134898,347.28997789613334,271.3917189219591,104.25219941348982,253.9371977966501,347.546443638517,248.5001228459046,182.450715772414,296.61260152441173,159.6878336610679,,153.75960683176942,
2004-08-31,243.63728970395016,112.84252413273636,193.75885670280533,55.48089673190972,242.0234053707173,275.9450422003437,232.07966176603944,142.49169309938978,159.62090304814905,203.79764119544635,120.47072106429232,139.57047921043417,195.38733209685404,94.72551147874825,164.652527830445,152.68822593480223,221.5040719299967,109.2641962143429,342.05883888041353,280.5136155998385,109.26419621434287,252.63134276450856,339.89588730170505,248.2729327811869,179.7207624986972,299.1528885463861,162.27210675830088,,153.85741041537264,
2004-09-16,252.3411662369876,118.27740773062467,197.290274587255,55.55543661634368,246.24028854123503,281.01619443480325,236.1317756133309,142.36851977101878,159.49222178364747,204.75515881820832,120.29266851667175,139.71544688194635,194.78606182853667,94.36122096615053,163.42614288827872,152.807153097447,220.97601441454304,107.84590775793129,375.8620013693517,278.1149701413593,107.8459077579313,264.4917374378765,350.84252337601487,255.0318019589677,188.21597696240204,307.14480584062954,165.24972976244288,,153.93211606278817,
2004-09-30,253.87327992080483,119.35295577376144,197.42429838324543,53.942615783909744,248.0681839360005,278.9336900115977,239.46306672718893,145.24207960657287,163.60460459845356,204.3506460257045,122.49555062496472,142.71414273510595,197.1998275317932,93.96716420590757,168.86315503888432,152.9178321673641,236.6696696964561,111.503599040256,375.8620013693517,278.1149701413593,111.50359904025602,264.4917374378765,350.84252337601487,256.7099165295129,188.6725882279705,311.56417549096574,169.2229980557486,,154.05614558982504,
2004-10-29,269.5379074758119,122.20464538158328,202.25535418516617,55.83801663900967,254.0004570898928,283.1950358512449,245.7152324702305,152.99482667476263,169.88879020780308,206.0642782774925,127.87723549434988,147.11145653035027,200.64968688563744,97.73338743083164,178.3122324811068,153.1620440691942,240.6747005146777,114.24953345774468,377.4474519300317,279.53302560947105,114.24953345774468,269.698329537678,369.2497471196312,268.9717643138586,197.51260513288096,336.69551429864333,175.64383809739235,,154.41509675366913,100.0
2004-11-30,286.3403382635647,133.51746948595917,212.8800796983201,58.00950544530902,269.7965542274463,294.65355083935094,260.80724741346336,161.5868893184119,178.1030796413112,204.4206250320027,133.8985990501705,152.90764151825,209.4982559386755,100.33241142490496,185.0338988057788,153.44964835194637,237.7917919167953,120.22127432684628,402.69596406749287,287.79852800464766,120.22127432684628,293.0915332577942,390.50896800138185,283.45796239823386,213.48360788446504,362.2070235328568,180.55983597132283,,154.62533163619676,108.26758629805273
2004-12-16,290.9073083983049,134.51787006756672,216.5199389864312,57.18880155103543,275.7708863732832,302.3039609911367,265.8128270155773,159.62842509604408,179.5711603155564,206.1479117240439,131.9068630699859,152.64673253508352,212.4143999144767,98.68562116309992,183.51406060494563,153.61196397998089,226.45907108260715,116.55558517728616,391.3943298568698,300.105025067123,116.55558517728618,301.7669430202946,403.0123602990159,287.1879888055239,218.4765085024717,369.8026711894046,173.84457563160902,,154.64401193161737,108.06380738315909
2004-12-31,299.9416201727201,139.93005286978473,221.006374643222,61.43515431237321,282.3582306136212,304.6802170545261,268.44449588627464,161.7212567709088,182.9332656568586,206.3015241768934,134.08608229830992,156.38504607698658,211.3225774292009,100.763025726304,187.1747735819004,153.77005629291028,226.1147633107066,116.888829645428,391.3943298568698,300.105025067123,116.88882964542802,301.7669430202946,403.0123602990159,294.8427357235638,224.81058371385035,386.2671416541786,178.78378242041146,,154.7264687343026,109.69645427675013
2005-01-31,292.13695789550786,140.2854377399333,216.03055567924773,60.26894637720751,274.5643271096108,297.2536338009092,265.71272582540416,156.6163897180258,177.99824610138973,207.59698919592427,128.68788559396623,150.7066856965526,208.26615859831207,99.72161263223938,179.08060309476397,154.10340628230583,228.4740743383672,112.6632897893896,405.2479459860208,293.6171895921021,112.6632897893896,289.1762118985382,377.8131399106904,290.510088629792,216.189457476781,379.0470952778062,173.70598418384105,,154.27606209909857,105.41074974641812
2005-02-28,304.0712362085812,152.5250805365027,222.8739765951672,61.59770084240623,288.43085103513016,303.50910460775265,278.8149971105608,159.4615567282363,179.71124108606244,206.3715031831915,131.61458219634736,153.12825133063683,213.2908144093371,98.83562501647292,183.5548466166799,154.4276227265231,244.614616132514,116.14236203679027,474.2616762744472,292.06752374721134,116.14236203679027,294.0742901376533,375.984999876644,303.24217545856544,224.2355974968025,391.9642941223581,174.8876493996072,,154.4635759839124,109.07852150371764
2005-03-17,305.66636023544913,146.33402560697678,222.07367554366985,61.83403549817244,291.5169627812637,300.44765379633776,278.5686551731762,160.5810890286733,182.02921062420347,205.62904299441888,132.3760430709691,155.02431747815805,214.22983140782603,98.9197797862479,187.81753217658348,154.63727967265532,256.8179182759636,116.98213809650773,464.1385320527788,280.96776408308995,116.98213809650775,285.6557882809608,368.9290207978687,307.0639967769114,224.9830058413293,389.8928915048232,179.86884266757548,,154.59236821806215,106.90717059007434
2005-03-31,297.82584327044646,142.44514447284038,218.5476709982113,60.09209745366727,281.9138786271546,298.1345501028553,272.17255737843993,156.00962733934136,177.05487863405386,205.3115772585299,128.01937818345652,150.38318274976965,210.7386447711348,96.5115681974668,180.39425077658728,154.81738914867407,253.33559303891752,114.19621434284204,464.1385320527788,280.96776408308995,114.19621434284204,285.6557882809608,368.9290207978687,300.2648842189228,219.7296830272529,378.97064319113474,178.68305115784153,,154.76075854390672,104.65103281045326
2005-04-29,285.52076973216543,138.62123458148443,213.78567892438727,57.9919359165977,282.0952156097123,292.4801273205956,270.11269530401427,158.10043953963705,178.1325985917853,208.0902558500744,128.2452334291812,149.5547716833815,213.6210784908196,98.72479993249657,181.48427426722364,155.19963758296515,238.55444255144548,115.80911756864847,438.839149843852,281.2643508476623,115.80911756864847,269.2967005844935,353.61803962203663,287.3074145136991,209.92267807455545,366.54160580736607,172.24373443254984,,155.18188843818214,107.89188496071418
2005-05-31,288.8649773750974,143.44632784050555,217.5840093458681,57.31339970128048,282.9873869333999,301.7865517620865,266.68268862320895,152.127886683929,172.04176621108735,210.3415316868356,122.85880783074434,143.23492215675748,204.23850069014009,95.24950672757387,177.7163645526899,155.63626589669855,236.702673291172,111.23700346574256,450.56470131668885,288.97746039382287,111.23700346574256,286.9223779126513,384.22766634594063,293.948964653099,213.90038322583345,368.8485022719049,173.1088425917396,,155.79896538547356,109.08718042773727
2005-06-16,292.2662917639402,148.1046876692587,220.95634491351348,57.84270820566887,283.6818746220756,307.0171933596891,272.4926820133028,149.1903508762109,169.13468678885542,210.0735632968648,120.60800762006768,141.07752327427116,205.26460108528363,94.95299667190024,176.7124499440408,155.8648782783824,247.6099153502396,116.14236203679027,482.93502345934405,293.1185530941648,116.14236203679027,297.9896114969093,372.0178619889969,295.05291766045184,216.1082298736848,370.7016553581303,175.97249709325763,,156.12745112648034,108.92377005577143
2005-06-30,294.7406643590541,148.31995383509758,219.46680357175623,57.68620468382357,281.4046012552932,302.2149042979166,271.5857434391275,148.48129754379863,171.07339356538515,211.4885046681119,119.7565499741802,141.17536874910442,202.1407503161246,93.23269999840753,175.90222012826797,156.06763250754287,240.6871883613269,116.10237270061327,482.93502345934405,293.1185530941648,116.10237270061327,297.9896114969093,372.0178619889969,298.313385484239,216.3844957682904,377.01058234566176,177.70290856185866,,156.40509215336925,111.88611708994065
2005-07-29,308.7644634951677,158.68717238189762,227.1331393262492,58.427545577846125,295.4150101113345,313.4538251204212,275.47844143078737,147.78004551001587,170.58352482829645,209.56493539742968,119.08015914978428,141.58503224221508,199.070032401004,91.92181753639812,177.3431773891776,156.50451349826363,251.4775798553194,114.58277792588652,517.2468866629389,297.73789195237964,114.58277792588652,316.8684160337458,399.8667752201912,314.3992573742574,230.82857795365567,392.3920908130749,178.3380005943992,,156.77789958743827,117.21111135608811
2005-08-31,309.13242242883354,160.0460889778841,228.8446275666433,62.00845837119689,300.14375120200475,310.5938523792189,285.4674014866187,152.56402445643775,175.3847585588659,212.25144651726444,122.6181005296144,144.50505964041213,205.1530032820764,93.49077736277115,181.04691887408177,157.0317380781109,270.45910676216903,116.02239402825924,549.8206890914565,292.53650156869145,116.02239402825924,310.9931902576932,394.3305454814598,316.49306380446023,232.398584449803,395.994634255456,184.12950085547808,,157.339139705777,118.02976350262861
2005-09-15,313.0890173518371,168.62072745278954,232.68277222328484,64.85405604680093,307.41305626296366,312.674325090792,290.7046487569473,151.2184325464135,173.7511205105129,211.0515625800066,121.24166293699068,143.18160700547836,205.75469268683776,93.46583628015398,181.2134602585249,157.28069881285558,265.8876628994996,121.5009330845109,584.8277766050822,295.23914846085734,121.5009330845109,311.96921592604645,399.3116719709869,319.0207844528832,233.70338468267883,410.3079814036152,184.78104648130525,,157.8453603104228,119.62236023119435
2005-09-30,316.29901320487943,174.94876994239476,234.7885610908405,66.30617095431408,307.82782012772424,313.10944999873016,289.216670145646,147.65694300238766,170.67097835882407,210.06332246667475,118.8128610213657,140.99707137847128,201.48018452978064,91.10301483381868,176.481851107277,157.5330032672012,283.04239623937417,125.11330311916834,584.8277766050822,295.23914846085734,125.11330311916836,311.96921592604645,399.3116719709869,322.33254752046093,236.4115976177608,416.7731197910228,188.5056708152057,,158.13158120749978,122.83836363967455
2005-10-31,305.63676049100565,163.5138312130339,229.09233148144787,64.82087768917323,315.2665454150141,307.8896441965003,281.6038339792222,146.70926853081517,168.4460719910033,208.4008943658367,119.3770451620228,140.84855036846056,202.75665688223697,88.8435792186453,178.07532065414043,158.07019080834235,265.2561346546664,124.017595307918,531.8550755188306,304.56494853938017,124.017595307918,302.2830025690791,393.7433696000792,309.9760139831641,230.35446436619267,403.86326584704256,185.9358193303881,,158.8100540493917,114.72869428589244
2005-11-30,312.27772744667527,177.040374288291,236.72557601855937,68.83843279725205,325.1703785354667,319.5347380361813,281.9528670950237,143.40242208278434,165.43888787918786,209.3225690829338,117.0357485573563,138.69007601922956,198.86957692482304,86.31493715925477,172.10604590693086,158.62672960514672,265.9411822422821,131.4529458810985,540.3164640726205,318.8400402517047,131.4529458810985,316.95704365190664,417.2945501196559,314.3534955044119,238.55951065476395,401.1367713798257,189.07996367927663,,159.3168293909851,119.59846668415645
2005-12-15,324.3001260125949,182.9958106144805,243.1907617004524,72.78900284113124,334.0130722987448,325.2174354719919,291.70509777244484,146.4346344727643,168.75736685087588,210.2425369949992,119.45334523868368,141.0937010505655,203.39261752875512,88.98136435741073,174.92092824642518,158.91721480373613,278.74657699203453,134.0922420687818,549.8376457819451,319.5425801502855,134.0922420687818,315.5087113095572,410.6481138825158,326.8977746741882,247.22728327654104,404.8010725610282,190.53937416010888,,159.641557491149,120.6397919179083
2005-12-30,325.921820409436,187.50465830623293,241.97014106986825,75.9178991410241,333.37060085288846,319.6459742480549,291.22423964037114,144.6062048625699,167.6142481416462,211.31270374985075,117.29059455630647,139.69730374038068,198.8972628593677,87.82444150460206,172.3386386556552,159.21220488371554,274.42043011711814,137.82991202346054,549.8376457819451,319.5425801502855,137.82991202346057,315.5087113095572,410.6481138825158,326.29919505660024,249.72426113729568,409.9521522373369,190.21827237399296,,159.87588361426572,119.20186651325912
2006-01-31,345.27638187720447,208.4480992772112,252.77490376043744,78.82608549913228,352.8847428868771,328.1094076714044,308.4436462417702,148.10757401018932,170.93665933331854,211.3246513850724,120.65500463347392,143.64814290138943,206.23669127674447,88.23580259600213,175.3245911375307,159.8483460934509,279.4958477909891,151.66622234070928,630.2801854596589,322.41020343024474,151.6662223407093,343.8011151373728,427.0594330545485,351.31466383327853,268.8176182037035,436.9930734039641,194.6700795226744,,160.386955756341,126.17951488884651
2006-02-28,346.3223519936756,208.2007388830108,252.3986767005528,77.69300853767305,347.3898057394761,328.9998052943018,306.53425040701194,144.21139688870318,167.86331111378584,212.02614825308515,117.63509496774086,141.14775482339283,203.94221102868897,89.32500330323394,172.95280005822826,160.42957244077405,261.9985906573067,149.70674486803534,572.6613511795427,328.9351122508372,149.70674486803537,342.8542580522118,417.3463597562483,348.1820300761794,269.2889752713414,453.6481734404717,195.59343372835696,,160.87497909520127,127.51410338154577
2006-03-16,360.13187292515,207.45317819800675,257.5405629348683,76.47574455167491,360.7811960619931,335.70039025794256,319.717426821069,145.98656768366473,170.16176015458032,211.56531089453665,119.718266610005,144.42497923483978,204.81182395524235,88.52174004214768,177.9796256073579,160.76968313434847,262.76480924814246,148.06718208477756,597.0365937568433,329.90458023753314,148.06718208477758,359.4882035518359,425.6679742432095,364.796354508262,280.0596184751643,468.4614298894272,193.29253061604908,,161.18272829924578,126.07770030579084
2006-03-31,359.66016117411584,210.034806615958,257.94857153334607,80.76445565033825,357.05234321669656,333.0948893986979,315.0905681123315,143.42576532167152,168.4112908915846,209.94555291949013,118.4263470472729,143.76384698258096,202.8046560430756,87.80369338864718,178.48513935206273,161.09591161637528,267.8259550972714,155.5985070647829,597.0365937568433,329.90458023753314,155.59850706478292,359.4882035518359,425.6679742432095,369.4303654315467,281.87808200163283,465.5938723290069,190.9205594932583,,161.4388848563965,127.51230136873376
2006-04-28,374.6508806364311,224.9922826045004,265.7801014389881,82.81548237863181,380.1981321743525,337.56770255741685,335.01316725759403,149.60167951772544,174.4586080491953,209.56493539742968,124.79576846569144,150.24717470559335,213.91667365464093,90.85691745273984,190.5535800122824,161.7180103284005,285.9841761143173,174.46814182884583,627.4145047670928,344.19450128808626,174.46814182884586,359.4298663854516,424.98458046530016,382.8579758578179,295.9110788868824,487.9760046899335,200.3640724028816,,162.1392539505695,134.61290923562137
2006-05-31,363.6357035614522,201.4155493357696,256.70132076740225,76.57022814435943,366.2499864500725,327.85205753130094,327.1873045411654,152.38425261780026,177.39995752857513,209.34134393828208,126.95093177029648,152.6988242218097,219.94955556152425,91.8176288843994,193.01965364461395,162.47255961159112,288.7199065195479,172.00746467608658,608.5840999795504,331.5209781044527,155.84174853905645,339.24408494788923,395.0460118915455,375.88317531845,284.1425806610861,474.47413684695016,203.9450088058136,,162.71231491751644,129.5900998933687
2006-06-15,345.42043001158527,184.9144192416481,248.147808601796,70.31957942624182,349.5139346935412,324.49211441922665,318.4766019334331,151.52529914978135,175.310126282581,209.7356159005958,125.83619592870208,150.83405511807712,218.0065621087616,90.13831765847934,189.8202725267857,162.82526045974794,277.2962028026296,153.83897627299405,624.4555622768397,329.4782367634604,153.76854360970427,341.42611934438,393.9876150297292,357.1760799663883,267.0094979280343,455.6277956889313,202.54417156623825,,162.94973291040068,126.1079328679307
2006-06-30,365.83765408246825,200.92317690554177,256.62605789304143,75.61462607911204,367.4440020064149,328.2964944508875,330.5773781874533,151.2956550799885,176.58669104402168,209.785113246514,126.69275864560164,152.87292257616127,218.3026059025037,90.39114986999743,189.30457148450927,163.1905996379045,284.2340936053305,164.18288456411645,624.4555622768397,329.4782367634604,153.76854360970427,341.42611934438,393.9876150297292,380.352636377195,283.30308319394584,482.8098931904877,201.85557626822347,,163.17006978701457,132.83466756048432
2006-07-31,369.7561574415727,203.7592107922117,258.22762042714766,75.22304346547638,379.2218602227025,330.3216030204778,339.7032787370149,151.52012203694264,178.11132357239822,212.62182320913496,126.01844043853436,152.976967956225,221.4683395387754,90.22295304817268,191.76936217036248,163.95646218814963,293.3582495606953,169.75473207144782,645.7870789114443,337.65290946198667,154.57912259664107,330.31625475391814,377.5960328621126,383.05512561265465,282.69389609530185,496.3366141950285,200.04498462363097,,163.69553694126014,138.51930354497875
2006-08-31,383.5311930843913,208.95064792618768,264.9304691531358,76.75082628516697,390.2961626499161,338.18094085179496,347.49361406174114,153.49384504048507,180.7192695819007,215.8767004045129,126.25300638295651,153.9544982071733,226.7542102872344,88.15537624103176,187.31261424898955,164.72168343195108,282.78639538306464,167.23540389229558,614.264591293217,341.5604400852278,162.4626400533193,340.0955832033836,395.5493055041574,396.4220663673668,292.61333072611944,512.6346314194998,205.8021860972061,,164.15828824707503,142.29595117442273
2006-09-14,379.6708713324679,208.1420299286911,264.60182708922173,75.68508034630588,384.30550607815945,341.6421309268836,342.8008516654604,151.0836177197559,179.31547603173505,215.8869412347029,124.18318077806448,153.06939923321684,225.04148046962544,88.0254291723311,181.54945287900068,165.06279458472474,263.21704769465424,153.35910423886983,591.457842586108,355.8040194538165,144.54545976006415,342.92717951019216,414.1958404263196,390.6118971501812,292.93583733640054,511.9703522719698,203.7437372677473,,164.32317489741737,141.219708359918
2006-09-29,388.4213971590618,210.68999854616573,268.0894143902269,76.49253798636877,396.3490864223387,346.8959678989561,345.08805370393634,151.88600287702573,179.65349393098046,217.7729607946886,124.38974469713555,152.67644137840605,223.7300148082589,87.60002263401837,181.6661599886441,165.4310909451419,265.7592164768216,159.50413223140515,591.457842586108,355.8040194538165,144.54545976006415,342.92717951019216,414.1958404263196,398.656715911548,296.574066093268,540.0277830754569,203.866718117208,,164.39630343236598,144.10447019339856
2006-10-31,401.9546234096416,220.69713550647165,277.9290311258264,78.57947982120541,405.1873675167499,358.1999034936973,361.75386425923546,153.0659973793178,181.39335418135445,219.21350424141067,125.2275581407598,154.19181156261914,228.9618032537145,88.53049752377544,181.99729459294167,166.21339619298914,278.36569766923253,161.71687549986692,616.9098350094318,364.43469430287286,153.00838591575598,362.6720665941192,433.87856808033,408.95156891878753,311.7768908972878,578.9350197766476,203.87228785157592,,165.29874305395586,150.90613213837747
2006-11-30,416.1136199429412,237.0996345573361,284.73499522840393,78.77719322492925,416.70130509366805,365.0113860506064,369.4842727051481,160.06990937330116,189.20339216309927,221.75664373858595,130.27844968037869,160.46164324635592,236.9830962902797,89.45694332934434,193.9084680149529,166.95096813859556,293.5892747237063,172.7539322847243,668.6701327257516,366.7035830518516,170.72074061050407,372.2124370351257,448.89596131547165,423.63810908650026,325.57964590836616,607.2998233154456,201.34468684476587,,165.8402586679378,156.68061224654238
2006-12-14,426.6397660066338,240.60964723959603,290.4214459028449,80.05971666025258,425.0137190932167,371.73398122359816,379.4452208811371,156.8488048544016,186.9076585440841,220.97492703408508,128.5513317548472,159.48380652103268,236.8035991391611,87.93332774959056,192.6610190244779,167.2940987533893,284.8459980911434,166.84884030925107,652.1712728803859,380.8656010601828,165.36544099706765,373.45883303229857,440.5447413218863,434.8607966010055,335.6065044079099,624.6268957157062,198.71226055586,,166.2479310465559,156.60132401692186
2006-12-29,428.5566516655617,247.7760535968865,290.5239500959998,81.15919862439829,423.6057636841072,370.1316379828488,378.8648268984136,155.87159839315942,186.65278956546,220.4697127447133,128.09824432750676,160.40192928625476,237.1280780850049,87.05168166161383,191.99226820263283,167.66214577064676,280.1050763096629,169.74140229272214,652.1712728803859,380.8656010601828,165.36544099706765,373.45883303229857,440.5447413218863,439.334272667056,339.30444706857685,618.411360509376,197.6298051995417,,166.37420608253797,165.160313235843
2007-01-31,429.6372935965887,245.159982592401,293.9536495945674,80.79115043730533,431.9544387975492,375.7293421487042,379.157813371647,152.16047991379827,183.6869684100567,220.3792520780353,125.8682123835519,158.93302528392036,239.0550538366268,85.90941231556508,192.4613124693336,168.48054661968973,280.6946810693164,174.1402292721943,643.4470556240234,384.233714505358,164.52398114902712,379.70876291551207,449.4683344435401,439.04774935377367,344.82065196353113,630.8802629723463,196.51068933703505,,166.34280559518112,165.69349911308998
2007-02-28,426.6830604667518,243.70478331133023,292.42403208189194,83.31608206261939,423.9709062639639,368.3804718650265,378.0487879946933,156.17448151027034,188.3005679426038,223.7775008960728,128.61392717352402,161.80237932356346,239.8796696517297,87.49374353849784,196.51376660501515,169.17768168148055,290.14708899374705,178.44574780058673,632.594773711347,372.7780507237497,165.8761092482007,376.69542389804457,442.1607085584589,438.4304636123659,346.2228677944779,627.6976135910428,198.3409821875176,,166.76986099478364,161.8561519481472
2007-03-15,416.4236982982911,240.8397863405293,289.01249346252035,80.46811369679855,423.063174558562,364.89253092011126,372.821379319968,156.46929746747222,188.9307073347016,224.30149004079283,128.96365311698628,162.16836298359996,237.15915909372484,88.25585222137073,196.4999307958728,169.5502250346833,283.1984943224896,172.38069848040544,671.3832032039209,370.0327694841766,162.19936762729955,380.7285414586535,444.91155354896034,428.6622735461927,339.746832685379,614.536314601508,197.45882537669544,,167.0945459759587,156.3217337426445
2007-03-30,440.8143386695572,253.37375669475475,297.77695122494293,82.74713992489968,436.9410734061634,372.5007830555248,390.1966038268851,156.10390843686417,189.3751222606404,223.78432811619948,129.2860650348844,163.86153290974275,241.4354772369205,88.08624372108659,198.8250012191387,169.92394198903057,292.9755862598006,176.966142362037,671.3832032039209,370.0327694841766,162.19936762729955,380.7285414586535,444.91155354896034,452.0423720781793,359.9974670245037,651.2738989026391,201.78411444965693,,167.33838959382473,163.954694429372
2007-04-30,475.4520655226472,265.3950021812549,310.91268022271566,82.1023288880321,466.94261121182456,389.0008211501179,406.2827671648856,156.82296698672957,193.3661847203243,224.991039273584,130.41805234109526,168.02526273568483,246.5013948613992,86.87906016789589,203.97545828713285,170.70091921377542,296.35979270174545,180.8717675286593,706.8565997059818,385.3366465361116,162.74615078379117,387.5663304800476,468.9364221745248,489.364153948056,394.0682129720354,654.7067573620154,210.60931412412805,,167.7532236354993,168.32657942898385
2007-05-31,487.3080867403265,278.27809511716816,319.6209964210849,82.82324491424654,462.8440332800274,402.57502518475854,414.4145134783244,152.64577546132273,188.7224498269045,223.2859410469544,128.7583401597388,166.20031332681418,245.23553922458413,85.35372455333282,201.981159650188,171.47924428000724,296.7433479916865,176.0863769661426,760.57539517373,394.20829813138295,158.45406002665973,403.4396490795068,484.48918165445474,502.60484497585935,413.3093393723034,691.6060716120467,219.45264373097504,,168.70433601292692,172.8993551432417
2007-06-14,479.8958754600821,284.6734572077266,317.14290953000915,81.8679593586885,447.4701094756291,400.843160327444,414.71028653847696,149.0153078247204,184.9116687241492,220.4458174742701,126.7181733319877,164.71467690294696,244.42379997920727,84.54811638915739,200.2903231006928,171.8336823513093,300.86879733116865,173.80698480405252,773.1318244805063,377.8645137361661,154.59377792055471,397.53749845743073,486.00893099449866,494.9720902488141,407.2051146128516,673.129303470956,219.97130783928665,,168.79310768861313,174.75566945895815
2007-06-29,489.1828571439863,291.32244198094617,317.1556570702141,83.13911143415064,452.4438134550665,395.8869691095175,420.73751748778375,151.72930405814338,188.96025320331245,222.62540749970148,129.4117124341645,167.83559960078458,249.97791327512064,84.40076605272681,207.4708675842901,172.2149383340263,292.5982748931842,173.19381498267154,773.1318244805063,377.8645137361661,154.59377792055471,397.53749845743073,486.00893099449866,504.4104742860667,422.5540869896661,676.403943385068,220.9798199637689,,169.1050303588584,182.37446005588043
2007-07-31,475.6618461010784,306.6932290078992,310.1318497292025,82.09728647065702,444.0086986323256,383.6125525917019,409.6416064499161,155.10178216697238,193.1447906207438,224.4824113741489,131.92146547485626,170.22963260122037,254.08591746918592,87.6911645842362,210.7068494399339,173.03161984159254,298.67004433185554,177.09944014929377,774.005094040667,348.4004723431784,161.56290784590794,370.34901331658006,485.545111390719,484.431173124215,404.4393689799463,682.7013006839707,221.62912938452456,,169.57502744606862,194.06396010928904
2007-08-31,472.1212922003281,300.1757522923557,309.89654410692606,80.82528276554939,441.2455257137902,389.3629737485924,405.9223047755877,155.51040273799117,193.98022179488,227.2337810851868,131.42148245052186,170.1773189493044,253.5768315093084,89.90563304022415,211.7267118299163,173.8235519205703,287.8252415060342,179.49880031991495,778.3290501152491,353.77981478561,153.2187944948016,378.7428340644177,500.2541139318584,475.1745050751797,405.7106633783914,666.3138953140647,224.84311512036564,,170.87101873632506,201.94732297326968
2007-09-20,495.3178709416188,319.0479413549352,319.7308348154536,80.7723957290494,455.7347937244222,401.7054526060932,412.6417478650948,160.6211202712363,199.6401999841978,227.6570687330388,135.64865193049002,176.06957345208198,253.3152815197584,90.74425428599297,223.90371955730407,174.38123581631547,308.73168077496,195.6278325779795,841.696202470986,361.7691207562786,186.78977987736627,385.2440625105175,526.0331088249085,492.6024625062072,423.9761159648704,685.082475699571,237.4420868789013,,171.56785732771527,217.57206397897176
2007-09-28,504.2444424085241,333.3275246175995,324.633835638805,82.95210713288527,461.1175165005215,403.9245896365773,423.27517259673857,161.75285705933507,203.0473141105235,228.95765416716463,136.76886645600396,178.79229635448803,258.6512218729301,90.72398453002808,229.8465622808887,174.5846805914345,310.86442658484145,198.2404692082115,841.696202470986,361.7691207562786,186.78977987736627,385.2440625105175,526.0331088249085,502.0660033135065,437.1148215998285,702.1496245511637,240.12665349588352,,172.0262533052851,230.41642069026622
2007-10-31,524.9602166019463,370.5004689207134,334.59088690574464,82.27186448331884,467.8122999175959,410.3497083647258,447.87609250946383,163.47651439290965,207.66843888959824,231.01435423031643,137.7760219635176,182.3290446760898,264.266598382688,90.31116547764827,231.86287065854944,175.4456740412179,321.22755532562053,212.4233537723277,859.4837707934822,355.22382159562176,212.91115007198104,396.2967118031793,563.2793032837445,521.639181891065,452.7306279727713,817.9772725558339,253.7892916424068,,173.37557631725133,267.12823692301794
2007-11-30,520.1268272053698,344.22938604173754,320.91417325653424,79.99651047203753,468.5351547200992,393.1944432686852,425.1035192023776,168.81349141065482,210.66939193014068,235.16871767737985,141.29241752423573,184.87055688333504,262.6156573147172,93.78852935771856,225.5470770327188,176.1723115412053,311.15343103586684,208.89096241002431,825.5449547806357,327.73393585431904,193.30040752599328,367.8405151620539,526.099721214813,512.3626970939123,448.82193512024696,827.2714949232331,240.6268994702552,,173.08086876631685,243.58230616190403
2007-12-20,500.0571252416086,331.57564942069985,310.32061809853894,75.3974057058832,435.7874336828618,388.09654016439913,404.6977128592573,164.08809296650938,205.8800279832559,235.4264452371607,138.27277065150776,181.5133236406596,254.25461244018,92.26319827588377,223.65139202218413,176.66216844079625,317.9271958540349,212.3167155425224,891.8117012099158,309.91463230535453,196.69067245801145,367.61053210226953,525.2929711593027,487.7462548162146,439.4226659195493,778.228993448074,240.64235188971804,,173.11900081469892,229.31758504519183
2007-12-31,519.1333129620591,345.4434872170688,316.7740166713384,77.8037187453844,449.6086103672935,390.4665317835887,412.1768918743999,167.29254422299613,209.2981798671665,235.8292512246328,141.39983117521328,185.06577452121817,254.8698699014168,93.43664279107966,231.0699289892589,176.91857394915826,325.5670820362326,222.26073047187447,891.8117012099158,309.91463230535453,196.69067245801145,367.61053210226953,525.2929711593027,505.8161598870935,458.63526646713984,794.508565644446,241.7246832304204,,173.3487572399778,236.12163458157235
2008-01-31,456.3843647422096,302.3338934531476,292.5662631982885,72.52922405557351,426.0551775642162,367.0458066318452,375.9489975183643,177.37552888977302,217.94922057287067,239.7907457031185,148.55682632206907,189.2860267233626,256.47410635391367,98.16263265280487,233.4071261344455,177.6147976816965,339.31798517514204,246.89416155691856,794.0055104719198,308.8450662856154,218.18392625433245,342.54125671718816,463.984901191622,447.0302328021713,396.8227858188632,708.532769866174,241.53982109554573,,173.86910859870684,199.20935628498765
2008-02-29,457.9021079032327,324.650341169149,290.8729358370904,74.50927983415885,436.5567154337166,355.1220296799206,378.08191401282886,183.9100111905053,223.5291824211021,240.1235726842924,154.61488741182276,194.01276947151413,257.8571936859776,100.79265941181342,243.28265479794223,178.0569105155925,380.9997413231765,259.6374300186621,858.6613713047872,274.1184634887465,233.9012377472677,329.8450699485062,440.1845409912914,449.1780429569781,399.18615619206327,721.5417828626129,245.9725182855686,,174.54315317719332,207.07914583974835
2008-03-20,438.11473606193,291.07195044251546,281.1284890934321,70.0100619790065,420.41916709998816,355.2893072709879,355.3407100387337,189.7072936883987,226.5609346981395,241.48560309955803,159.6634776227525,197.6613082448822,258.09920030526433,105.12972166239788,241.7725344339028,178.3437799825343,349.1637602690239,242.70861103705715,836.609195324419,266.6481843560796,209.12972756598265,331.2260901757968,449.5324797078927,432.129885414462,379.97321711793,721.8566429143902,237.87702198164635,,174.84769874096665,180.6786970097311
2008-03-31,464.127615049809,307.4697527770343,288.08489163281195,71.96405271604523,440.5936908884127,353.58859532537,368.73478549168215,191.81249261185235,230.69880419350457,240.94283909948976,162.4862894824212,202.56572170671345,258.40813563494487,104.95822972658912,250.1985952149954,178.48410185942333,356.8366500459374,244.44148227139468,836.609195324419,266.6481843560796,209.12972756598265,331.2260901757968,449.5324797078927,459.1358577864932,402.078786643607,756.0921038307384,237.712856542613,,174.81489950821137,195.48717512063396
2008-04-30,487.1890625605125,332.4218411489611,303.2260881029657,76.34213323954522,447.3898924039881,370.80955243085816,395.36510605105553,183.07187098490687,227.38986037734537,240.43933161514968,156.34522776657127,201.22322153172155,260.0909902654564,100.77201074640756,251.98685857293896,178.8931279261845,369.55284589105247,233.9509464142899,925.9539975086252,284.07821777654283,186.6245585470544,345.09462961508694,483.8230577554096,484.63048806891567,423.06671303329705,780.2300331447249,242.54670525086388,,174.86054479470317,220.56695136780127
2008-05-30,487.1847968218919,338.5894124967592,307.84986540867703,77.83892448577336,444.84708179596254,375.61251872984144,393.7376571968928,181.37430840624785,223.9080217538182,238.67620201744364,155.54441378743087,201.15490662881967,260.70927637681467,99.32339972187346,252.32369896197605,179.34408768616507,379.6564058193365,236.3369768061854,973.3055556979202,266.7890630692514,200.49878858970965,360.9477545800285,513.2607998421043,495.0562658657813,430.193802993204,771.0643513411922,246.76530939984016,,174.89553515005238,211.29110817914832
2008-06-19,448.49982424803954,315.7711989178388,292.8683624387621,74.93940590974586,422.6820855386782,360.6801154689443,370.4665333733391,179.4744206798943,220.4201617636523,236.8157845329329,155.307827750292,201.04021974413465,260.2524621054196,97.08001609929632,248.98902865660293,179.64897263523156,404.5883916545504,239.53612370034696,1002.1743212546884,217.78736856005807,206.47100755265288,333.15906974656986,463.9330915550296,452.7892901206855,406.0979406036207,711.2634375189722,241.807516245841,,175.05647960723027,197.057710232344
2008-06-30,438.49603747536975,304.8137596836114,283.2964440474668,72.77245424237537,420.7352746055405,343.94693846453384,368.9765050127036,184.53771275566325,224.3769296542144,238.4850398538976,159.16848337835242,204.61048779078013,263.3664212038214,98.75122799027024,254.4189774980896,179.8018489206949,414.2013576073285,246.70754465475915,1002.1743212546884,217.78736856005807,206.47100755265288,333.15906974656986,463.9330915550296,444.6064116233093,394.0927898082418,692.2018560339537,240.65891421884177,,175.3955539204823,191.28027480502215
2008-07-31,436.527962957623,293.3161980696429,276.3743550923372,71.06706795374625,421.911337046497,341.05564350233215,353.866012481908,182.87115817234013,225.9212612809937,238.28875727525653,155.59292492832645,203.4860978937933,263.57214314926097,97.2681040006502,253.6721359343444,180.2678853241057,365.1009285605972,243.69501466275705,848.2753983805461,233.3489053637153,186.7609926339645,345.4884054881811,467.0441368761259,436.25854284449616,394.0042129906201,681.015492679179,240.62299704713203,,175.62413995888377,196.60740815595716
2008-08-29,410.7955799160512,269.88741136579773,272.4915940449784,68.91518842954503,406.6236550136925,345.9889779643941,340.5983879428179,175.55975107742526,214.81734315746823,240.55027394220767,148.259230989752,192.12350081346665,243.029030090502,96.5466624204397,241.45017853784623,180.67085915942403,338.5062751429412,221.5809117568652,843.5360033889945,230.8297715321285,163.43320632631318,357.9748028315963,473.3698467915036,418.71677266303095,367.2572263028727,632.8021780523544,232.3882493858516,,175.88953834852674,184.35573833521352
2008-09-18,358.34508926274174,217.1753810333477,246.77369361723729,62.49729408604217,371.18543303013377,325.8948419920931,294.7530097925588,174.61985527898074,208.79203082575287,241.65286999266084,148.02417730866327,188.36553006958005,243.34889692189444,99.67418175234228,227.3248166312913,180.97498843900905,306.621234691238,227.35270594508168,726.3228803868451,219.5353768037565,149.1322272087445,329.451294075412,403.145585078825,362.11651239269605,327.84143910370733,561.8758891950308,233.5032514196785,,176.63160637207983,154.1332418875731
2008-09-30,356.6088590835569,222.65644900863413,240.0824573765043,61.2889329688748,367.1418451647907,315.1587697986065,290.1803888205428,172.22632974941413,205.31188662596853,237.319292017273,145.8484721489636,185.3261051808819,238.8281552773448,99.0761830029802,224.4255313985981,181.25791267093533,299.4835383421492,232.19141562250107,726.3228803868451,219.5353768037565,149.1322272087445,329.451294075412,403.145585078825,362.3585282768273,320.24071423020257,570.3741403413893,232.96619670329503,,177.1770266702252,157.88103770786398
2008-10-31,274.91144864866027,161.72046835508166,194.56265023107136,50.30685460486122,328.9973459118779,262.2286183514353,234.32533599128152,164.85158104895947,186.29189447810185,231.7175579033608,141.7158796337373,168.17559171611157,216.7417035162188,106.85147256460256,196.8632809138305,182.0578390841464,235.74378506631945,192.97520661157057,579.2405470891028,170.17592450979765,91.00589767262076,260.9163422596677,337.5151111440064,283.1665829692564,247.4704026154456,428.6038915954291,205.1505700040959,,178.1183809872687,122.7212907719643
2008-11-28,258.24419216273213,149.5465795873503,181.9688663158477,51.4559646963156,296.70032214001657,243.4124289959112,221.0018182301941,163.91936531002014,191.44053241182047,239.25992933827183,135.4554664467885,168.29251995196398,208.2092374632798,110.26839504543518,189.7784337506272,182.58884111480847,219.34010650349217,218.0885097307388,572.5596110366114,138.88045984557553,110.772091332978,230.0526156366044,300.21957417413,265.918114958285,230.96135581622949,421.3677506591009,201.06278090343912,,178.423310741117,122.92132413241826
2008-12-18,292.5306250756216,167.63911373656424,187.5108157639928,55.960128957740864,315.1560504409476,240.78931996918564,218.1463019665516,182.8185877120657,216.54390507202783,248.03461400604223,151.85182903637997,189.2757389816608,203.8064694583537,117.85839685429168,194.43950728931907,182.8297569468349,200.62974426674043,227.41935483871,546.5565261724093,138.48377504795997,144.44601291922172,243.40621739569423,306.9104186712064,296.1469320129945,264.01282179028505,491.6913655347872,207.19151649732945,,178.60359147056872,137.2141692171915
2008-12-31,286.4503358788632,161.21009184552912,187.8070651058792,56.52970423760121,320.58967922195296,246.0023533993075,217.32890934611305,184.4621334329069,212.95981755933667,248.1865196538601,153.96803478307828,185.9145606103129,198.4178079619243,116.35054302776264,192.28933448288663,182.940343556766,209.5050352781668,235.15062649960043,546.5565261724093,138.48377504795997,144.44601291922172,243.40621739569423,306.9104186712064,289.1063501840297,261.9620760691843,479.1851896080293,204.95732135042388,,178.65813151854945,127.37693142256775
2009-01-30,240.4417349708632,150.79903727950372,171.35409436148393,51.42040292220427,281.8484933356524,225.26772033489377,202.66641127259936,170.91172658840784,194.2668787467557,245.99668879823875,141.70623960487882,170.83481807325657,198.0276763740364,117.3574315523346,194.12663860208343,183.1461514432673,198.2436735676886,247.36070381231707,534.5003192350454,102.04809102024272,148.12415028525746,216.33328471902803,299.0082155280885,244.99161262988767,216.59162553409087,406.9422234937658,203.38126351031923,,178.6850889791529,117.49107543953629
2009-02-27,210.23770551292804,142.29250119160912,153.81443947057576,44.89570379491489,250.73444614192152,201.2816714214362,185.60379918401983,168.69781331621405,192.94530335252,245.06818686101505,140.95951367151034,169.23104390237523,195.2836521396939,108.20799378625011,190.94476103315608,183.3313325519489,189.4549054937605,251.2183417755269,469.3018443065442,83.57073558738324,145.32044724606789,190.04453818279728,283.43818616929434,220.2359007756195,189.78309372002207,363.97482655925046,196.13227627202104,100.0,178.77907225573523,113.36555716712783
2009-03-19,234.02502773026228,159.05977854531324,164.73977992157677,48.66125651744926,268.3034414933992,215.01011623083625,188.1445034498344,176.17280438158008,208.33518722652497,247.8878287733194,146.70365671689174,182.7080921286938,198.08091849854844,111.75302194958644,212.5870341009424,183.46883105136283,201.090902603716,255.89176219674792,489.1411721781558,98.56690387107436,164.2867044761399,207.0083130462098,313.998470382158,244.0901004272144,215.33090593345224,396.8378953021982,202.04423317617267,104.09791434446925,178.96368586278993,116.60075809187254
2009-03-31,230.55787378845488,162.74122137418675,165.41339137829755,47.87904222251529,271.9425501739099,218.91303427666824,191.23392823634745,172.28480730735944,203.3535794345584,248.47496970421088,144.70693883320888,177.25715828174577,195.7016892065698,106.7627028753092,200.1231973778277,183.54221858378327,196.28129766566465,245.09464142895263,489.1411721781558,98.56690387107436,164.2867044761399,207.0083130462098,313.998470382158,239.2702953952457,210.92973943461027,390.462973354068,198.79449818141023,108.64214090535988,179.02761023020375,120.6432743490068
2009-04-30,265.8422299305202,189.8224878227744,183.96935700883373,52.296879928248565,291.96766022515595,239.8650604857483,214.2438055329336,173.32288418821815,204.8630662146332,249.6629060062471,144.6667606122371,177.19476799472235,202.36860906804063,107.17838320096872,206.0471121510586,183.72576080236712,197.72007599746672,236.79018928285828,525.5047949308662,120.605154146081,150.81322775526544,239.00849254518323,354.02511533811986,270.7507216172384,245.8949312036698,452.0995533409434,210.2204552066221,131.38259416346685,179.1586864236174,138.16218882244777
2009-05-29,298.45259531151294,222.2572281192603,200.6381628175212,58.35872761251472,319.7710610655992,253.28146825027287,245.4691481112217,185.4898225345415,218.71329606407,251.47382614483965,154.7288044419446,189.8329222391776,221.75130506244537,110.9242413101934,215.2789841245168,183.8974423188502,223.4325522482584,261.0450546520932,592.3226338010244,136.62454676754683,199.35096268461768,246.21425446223228,364.9668171613256,307.0666396380404,272.5799849630525,511.3944057054799,229.7953516705184,147.42593974697886,179.18241162430388,163.47167042071183
2009-06-18,288.9743062606384,214.14991292073964,198.4805106699535,58.76666009107158,315.6226205551137,253.3866093272493,240.90434956537604,183.1623697847824,215.28492980991567,249.48539828295432,152.00219825073364,186.5283464049724,223.86019951861607,109.63183823287996,211.58500220254544,183.9934776498389,225.82754283777388,248.7869901359641,554.9924796904664,133.76063082214478,172.09048999200232,249.8311587780608,375.6470036760173,294.93916438679435,262.0561585793969,500.1105086326448,221.57935314589903,140.03070549142774,179.26168360117703,160.67242471817121
2009-06-30,290.5369523898918,219.263071448956,199.73291283913085,60.39731604933442,317.36141072935123,253.78397826068544,241.00816033587307,184.31705761311207,219.62543122278427,252.90412876137177,152.08866177823296,188.3851895006109,225.6838043089828,109.7840995171525,210.9341271819549,184.0505156279104,219.1813324532374,247.000799786724,554.9924796904664,133.76063082214478,172.09048999200232,249.8311587780608,375.6470036760173,292.8749108280928,262.97960469429285,526.3420562945244,215.8666109592625,140.90973180583066,179.27990931097332,166.1142558957095
2009-07-31,324.5337215477667,243.918483905054,216.64977181029963,63.93061074760007,355.80639370737936,272.97942045425674,265.6961597440998,191.0402144447201,227.7102676958308,256.98339278704213,154.60860809438154,191.5688598779196,229.38903644504103,111.77636468148546,222.12609834140213,184.1820606214411,226.26461747049737,254.3321780858442,584.7514714978838,145.61668673592575,181.5049653932287,273.89187430584377,407.81091949769353,324.939911753784,296.265720086946,597.6806501099041,232.91762446103328,154.51751383452068,179.31813219968498,185.95228968804457
2009-08-31,343.6525609797277,243.0456774508345,225.58754373235809,65.88534448645869,375.0721359815738,282.83508427370526,277.524842182977,194.2807042587779,230.6074724029652,259.644301831402,156.0506348240706,192.73485853384307,223.73749358408648,113.68609532117468,226.16397374165783,184.28118638323392,224.94625765995585,253.5830445214613,590.8813151094971,164.5463369847581,181.7905697414025,281.7460762646264,413.8183702168607,348.9838425748379,305.2362230725016,630.661838885959,229.56898980172105,169.26531204512082,179.33045089625384,178.59420498942288
2009-09-17,368.7478620740718,266.71712783253435,237.52613900581463,67.04824344437192,392.60229327351874,295.57984203442044,295.2584150471405,199.9375987526872,237.4401386766144,261.3732953284748,160.73230941863295,198.2891671382733,226.09399297458944,116.2505370879909,233.126669246799,184.32687276069143,230.73437458188,270.229272194082,626.7701505285277,167.90518209354036,208.54211886430303,297.9963427084151,437.8037648335927,376.7645699102067,329.2310596196951,671.9340406948545,235.9275627055156,183.1074864933284,179.35537176752544,198.01263637381587
2009-09-30,363.5315190318114,265.1069369120596,234.57909979665104,66.39229151676949,389.90769640912816,293.38914896678983,285.28962473435854,199.4249233997172,237.637016149845,262.3717762719967,159.50934678054946,196.97108135308824,219.67362125837312,118.03991379365291,236.01914063460728,184.36181806365232,228.48567019597,268.6483604372172,626.7701505285277,167.90518209354036,208.54211886430303,297.9963427084151,437.8037648335927,370.28359953581366,323.7721180110906,666.4717818991954,234.8870904614413,181.5581831497664,179.37061269373308,190.65896130800914
2009-10-30,349.37005784409314,265.43492427019225,230.4056773702353,65.47237759924501,391.37731101718725,287.9389132035858,288.6544036493039,203.1657588543044,239.60029112053684,263.66724129102755,161.1051724143374,198.18022587153504,226.13372743890545,117.57042692777212,238.2896489038961,184.46168071510343,235.9791809756576,278.71234337510043,643.404663897802,157.86201277820803,201.40602292721965,277.7634427903116,424.69592677571393,353.93808398785944,310.6556522122218,652.9737369125063,231.67043350215192,171.63313778597538,179.38972644842866,197.99168567670722
2009-11-30,364.121674204769,276.83620319907646,239.82069624270667,63.57595296694624,397.9758821440234,305.21049379058115,298.50734632295985,209.3051203216923,245.94778980214653,267.08085135435005,164.51869788319937,202.08885794144345,226.17265545523648,122.61072584374968,240.6186788494568,184.52124646616767,244.2795850466956,314.484137563317,660.6496181246644,164.87814342762348,241.36463591842207,286.48260542760016,450.7315027261741,369.5868425627428,328.95866905357923,682.4906787167888,238.02193282738864,174.34514958902756,179.40721529939157,199.0412042779616
2009-12-17,359.9103189058153,277.60568189369326,239.18035062720568,66.40643748716357,395.8311749594737,305.59668831003904,294.98761336701324,201.07553078105315,235.63495917345983,266.00727098943514,157.89961755098625,193.16184460891824,222.2902832263676,117.77029498144177,233.0386846797807,184.5539221035628,241.7310831422989,292.9618768328451,665.6687985092772,162.33491192141528,220.06765878165848,309.5426141781752,474.52446154984864,368.266444247627,326.5459591983202,655.4820067484737,234.78697691749747,172.2912751804959,179.27333367310737,194.6000956745455
2009-12-31,369.10578432286655,287.7693760655184,244.12718203400144,66.71288382309572,404.0713622220152,311.1056744012798,306.4266593164378,203.6676282311926,233.5665173246932,262.90600624690666,159.8102599697761,193.12535340776373,222.59312059797327,113.90560206040544,236.266681798165,184.5797596526573,249.1137196835222,292.45001332977927,665.6687985092772,162.33491192141528,220.06765878165848,309.5426141781752,474.52446154984864,378.24684554093056,332.71593739236914,671.4018953023761,238.82032475851707,176.55080734647112,179.32037759096497,199.43095971084813
2010-01-29,334.58493425768137,271.71991352662974,234.037154714102,66.48266617146626,388.0563638661325,299.9141601835311,290.50748310884615,200.2323208215736,227.8635708845377,266.9221184864056,156.02698921716257,186.8977086164145,220.1449397961464,117.40764458547872,231.3102308961936,184.63328778295653,230.98341792362777,288.2431351639568,637.3680820838757,160.06787683971515,194.82072291388985,298.1489168358819,444.1886857622188,347.5731375163036,302.99723356626384,596.2395293164058,235.06160789169348,160.84299648156943,179.09664943813087,183.22900741165955
2010-02-26,323.49898425759187,272.6756953029543,237.3363228934476,67.02302647183373,399.4815128372389,309.2046695505683,287.39555514413547,199.32963033083723,226.26223288431785,267.91889262489576,154.19281380411337,183.83595489943184,209.973300434079,119.1393799607539,232.3705076554841,184.68498510353567,239.5591790132816,297.9445481205017,655.8678314068914,165.69931803203326,207.5186887443351,311.5788056587052,464.55727431969046,339.010623924417,297.36899289979004,554.615923313853,239.3167809542801,152.172900735429,179.15163257736424,187.7197092405434
2010-03-18,344.9550453018724,292.0120764976881,250.91603300041345,69.99640427759539,421.4507629530846,326.703801840392,304.0162183539239,202.1129294221726,226.68110093197504,268.668180033795,156.48307260476315,183.58675588329365,210.10694549330387,117.28076550578304,234.22809429873573,184.72192210055647,239.086692415417,300.5598507064788,675.0628050399376,180.4322655621664,210.9288430445217,336.9375231385396,500.335529075075,359.3897850161457,318.82967702153866,593.4070791913977,248.2456558576661,164.30456320221063,179.19888913771197,194.70431119760008
2010-03-31,344.6554070100892,294.6899876007237,252.034673309358,70.33168335740416,421.7366677123386,327.86357056388454,304.9480664935894,203.2860375955824,225.8461441586838,267.5894792537851,157.10829161375722,182.30514330757487,209.323332390036,113.42394074069269,231.5768716953272,184.7432677448881,236.5829683611484,296.78752332711326,675.0628050399376,180.4322655621664,210.9288430445217,336.9375231385396,500.335529075075,360.06264501899125,323.98303875439177,578.400005947667,247.98899764099505,163.57784406938185,179.12586595988336,193.89522980821354
2010-04-30,326.787952927294,298.2602748094186,252.0700346366388,69.84525231100437,401.711920257978,333.03969456601783,300.55960664895656,199.32839378491,221.77780287304927,270.37498506545626,153.68817105599848,179.49390839248744,210.67669510400768,112.97927684495572,233.46947085866137,184.7925326162868,241.1827774754925,314.3241802186089,703.2533029771635,182.86427703165995,236.76583016795547,356.0059234661252,511.3413761626333,340.54033543296936,317.9319324749333,550.2929546616837,247.4445246667949,152.06442527262996,179.14523412408673,193.19774774909837
2010-05-31,285.1760329964879,272.02598287514974,227.9247091858255,63.45291779415232,358.8829227972825,306.44628239098586,268.60878811965546,188.14653653805507,207.1254029662448,272.6501561726608,143.42741512605846,166.21027225328942,200.6444439791429,116.1879555127128,213.8247204450244,184.8482270323669,224.4858129142173,324.26019728072566,621.479663096098,166.10897850059888,233.5620716795524,329.0025466416864,473.9940295561644,297.1942137564061,286.04243604891843,459.7988000641715,241.25665232860416,129.63269824682877,178.65562799452945,182.5805551027507
2010-06-17,300.57555944540456,278.36889829984926,235.1380707034464,65.13693099792648,382.33179580646026,314.27971589899,278.201632690415,195.3305450170612,207.26118657673035,274.59591390875454,148.9698655125419,167.3668268702029,204.63956166015373,116.53391556027226,217.51647738340617,184.89492688305745,230.69155910765403,331.95414556118425,585.9045264511055,156.36981061895327,243.42789616369,303.50696119456563,445.232279870723,315.23855255466066,300.4705787255482,484.1480266114564,245.1667326782512,137.34366468239074,178.74614636925784,186.26913744560932
2010-06-30,280.2147973051947,270.0267472840498,220.1100304805913,62.97042441170949,373.4517409084926,290.40422596019533,262.2756873916473,202.1124981568054,205.13478395897505,276.9257027769721,153.7628193783959,165.35698166260963,206.3749744646556,119.94447551235608,212.9878420880189,184.9182955474274,225.20020694145865,331.21300986403685,585.9045264511055,156.36981061895327,243.42789616369,303.50696119456563,445.232279870723,291.1889608058691,284.48905954249227,454.1135022935037,237.01056775546488,127.88930118887954,178.6606369663747,186.53691557163847
2010-07-30,318.591694007258,292.5130595745495,237.955015152984,65.46285352423126,391.6404366778619,310.75097141212416,294.84308065834426,209.7531468513518,220.4878097881454,279.88188909180934,159.14590524970228,176.46198491869984,216.8017875991071,122.682657131215,228.36148031495367,184.97223005029537,240.45580640269728,314.8493735004005,635.0450154869434,166.8041037300654,228.44998065582536,324.36362004554786,477.3024449214224,328.99652493508535,312.7052793882989,552.1139177040508,245.0620721989372,148.47847477260748,179.2175426762429,195.42947417904745
2010-08-31,296.4753780851956,286.83238115457607,229.070940061241,62.24660608849801,400.4216648292208,296.72234120903767,288.08357467216746,218.320717009189,219.3743610218308,283.4815409035829,163.29876750418728,171.54750349912447,212.2139953178473,126.01253318844664,220.634610855053,185.02977696631103,234.33586955552173,332.5513196480945,603.5649195949376,153.78765209989493,253.2959887336713,300.34777926113736,453.1073446327687,306.8582332921594,292.77787933850715,521.7357452821851,237.00474376578893,135.4279462539573,178.99064138882662,190.99273468088333
2010-09-16,324.64855328522447,305.38989022200195,245.4586888019849,65.84624760945422,416.0332431975186,318.36379489871064,311.3086338572,215.8069751897777,222.8085069760968,281.5357831674891,163.22986579604898,176.99912448206393,216.09634425518965,123.70192669131455,228.41004458500765,185.05321407139343,246.23812539582,339.97600639829443,664.1766097462842,163.14311085487506,268.081116944815,337.76994962810056,512.333160634545,338.7478886698352,318.500579961692,566.2415132934743,246.1504830757803,146.40078406977258,179.2930699428008,203.0433641525162
2010-09-30,334.23588831733474,318.7074294198809,250.43084066535224,67.06573032806013,421.5328000337929,323.2031626977744,313.7418946581347,224.21002305593737,233.58636650970087,283.783645394187,168.75809151977282,184.6140872547375,217.4137746160804,127.04340138582847,237.11253116062065,185.07300448456493,251.34940102935525,348.8509730738476,664.1766097462842,163.14311085487506,268.081116944815,337.76994962810056,512.333160634545,351.20860803682245,330.99729237716525,579.2633997353904,245.61454915203177,151.84146606425284,179.46859309150213,209.5105872556037
2010-10-29,354.1962340053368,327.9615261927796,259.7657945079061,68.44078743925814,433.3531318274885,335.50077459005985,327.94421249539374,224.29105550764228,238.00726835609103,284.7940739729304,168.8011016569304,188.967602389044,222.00757234029243,132.00519394621662,238.7452019779357,185.11400329597504,263.87355163278585,362.4100239936024,701.7187224879491,165.48799996227544,274.3720892028795,351.5924924554338,544.8942836700963,370.68236902224,358.8066975170078,611.5244892985303,248.2090330232202,162.5471433005361,179.70232426180655,216.74816889020835
2010-11-30,308.3597674670222,319.303912395769,254.1575753130792,71.00606090585971,413.8084538049087,335.54377915294555,310.9374103025499,218.8558724481896,217.1801694337558,283.15724794756727,165.30134373950762,176.0776729147547,215.5485913727604,126.83500260937753,225.3307553014953,185.1592533856696,262.9393715045178,369.5627832577986,743.2626141849134,164.37394592785043,285.91402912556686,363.7838383611744,544.0480596057538,326.808078133221,338.4310405991995,491.4657681079717,246.77402927833288,135.21078998870678,179.38512294225475,215.90878169554432
2010-12-16,337.78116233080567,330.14471650741456,268.45874380849403,73.48718987786725,447.8029709256288,353.5499928043546,332.4969182199414,224.44015498184137,219.36621565779376,277.15612145624635,171.98314477291373,179.66381466585585,216.595991367648,126.51145513193369,235.4147247582317,185.1827068910985,275.1099376499655,365.2839242868576,811.9541673540573,182.01900475262863,300.448970021328,392.6708325386765,570.1132410628381,359.19819456685434,362.5353712173419,542.7306357184847,251.88746956861905,147.01650176423473,179.14757511885026,212.45517812519688
2010-12-31,335.04566615115664,342.09003174632795,272.8445961343526,75.50032236658848,452.6798191229568,357.9687962955124,333.20456150755564,233.4824984093736,222.91611963485823,280.1037737459253,177.39653815271512,181.6618158845177,216.3912443788909,130.8708046552399,240.8329088176884,185.20469733754177,291.0448759689229,378.9389496134372,811.9541673540573,182.01900475262863,300.448970021328,392.6708325386765,570.1132410628381,355.2414499083285,360.6684843131274,540.5702460026041,254.058840686141,147.18031142416802,179.2570016856287,216.00002691880417
2011-01-31,363.23717685175615,332.80853746141344,279.0087303188026,74.72163347103695,451.4638637088852,366.45322407239655,339.85205550877856,230.934083158428,226.8847017215473,280.4297735069726,175.77235176276736,186.01990888694195,222.0757227539232,129.42048569885353,243.28192668092225,185.2501496570134,293.9640885209928,355.2865902426027,870.8362750755712,187.1814681234667,262.9611748547057,391.6589070756252,586.679989144648,382.6376857768086,377.730839330742,609.8925848985425,253.5587647433614,164.5990058571205,178.7330619738121,219.1854504959028
2011-02-28,373.65156256699856,329.7047907430457,288.7775370879211,77.83422208419726,471.2881901614893,379.0075088675746,354.138236731448,234.80083532050648,229.2841168818678,281.1312703749854,178.64356298926046,187.6854256293982,225.60095084708587,129.8481041222383,251.5825117946096,185.2912134401873,297.8382645461112,376.2543321780866,934.5425612410792,192.518176218491,290.6613072647297,413.1382029909017,605.04527175388,395.9313141221534,391.2912325076042,617.7394870469494,261.46559137722164,169.08642836966712,178.9648210482891,218.4312786753285
2011-03-17,350.94192712256483,325.16463160898945,273.7223428581912,68.06782737050376,450.4425730111992,364.0869572578665,335.2556945931619,243.92927577334785,233.2878888320491,282.9797402242745,184.6965406911423,190.68930510619603,223.9736203362432,134.62075782049146,249.16177837636096,185.3170255356152,292.0082241390074,374.2495334577454,953.80536163608,187.55590891373933,294.09449135963774,423.8453167595948,602.1513334813613,370.3844940656144,363.7516862178946,597.0854279242177,258.1051831334535,161.5832306206787,178.6399252721544,208.7438548185069
2011-03-31,370.184230831716,349.0897046733504,285.9296842189824,70.93472581701864,460.9973435912328,379.1581941469773,345.8489066309868,236.7252838188404,233.8415337480137,281.28658963286654,180.59831119299804,192.60803921445697,222.5708908627532,127.76195233931992,254.66736355691384,185.33828551660025,303.9872802361985,381.8181818181826,953.80536163608,187.55590891373933,294.09449135963774,423.8453167595948,602.1513334813613,393.9964796437757,388.4618694710981,617.4852374156404,262.0019657538257,167.66726090590785,179.20801574512154,221.12440125347266
2011-04-29,402.2853684177903,359.9179842080744,298.07669304359814,73.3373680895299,511.0833087192467,390.3871257206226,371.1710407490663,251.15016043918752,246.32210208384,284.8572257591019,191.8486246596184,201.68283443621647,232.1290483454317,130.830575819789,269.26009615803383,185.382329100839,314.5145349615105,416.875499866703,962.6906674520836,187.5744455865251,305.7709462196751,435.03707775671154,619.0758147682141,425.8716882300844,433.6572872983019,665.5318488962448,269.32407546991294,181.33545374880603,179.52903340912792,223.67795439078427
2011-05-31,378.0761641680591,350.47758435346793,291.89300098924474,71.88708196404467,521.3606044979821,385.9681529201621,361.9528556528013,258.0591980596166,241.8040964291637,288.57464711806006,194.425150390836,196.31944385397824,228.70350776167987,130.319494042873,263.3490415233602,185.4243490954352,298.6057319216118,409.4188216475615,922.562659410914,181.52407558924847,287.32582532924584,426.8799712801642,611.8471369007973,412.6530742699221,409.2212176546415,631.228426462173,263.0919143488958,168.34750406665205,179.32221204709188,224.86126944598718
2011-06-16,356.56480048542534,332.9823159661996,274.70791980225664,70.56291881121575,493.5747939747184,364.1128615811795,339.27434671208374,261.69324422660543,238.87553796616427,289.64822748297496,195.915839041678,193.9297045935369,224.7563663760704,131.7673398683615,257.103995860202,185.4437156385629,286.6897394499993,407.7792588643036,904.9192229575702,176.45058824778215,270.73861568115206,417.0389400585616,599.9259862334397,387.4337780254672,393.82348202637,590.038972506791,259.819386581134,156.29554495254862,178.75019308178972,209.20256281773496
2011-06-30,379.73931518348576,345.086536774805,287.27533551787826,73.7534149999743,500.1805086520324,379.534399417576,351.8178810980533,263.42365537535693,242.767194225458,287.7297786273877,197.6116078890157,197.97836744963016,223.3466002519966,131.89004080687613,263.5974329167448,185.45886020867343,283.54333728781785,399.94134897360783,904.9192229575702,176.45058824778215,270.73861568115206,417.0389400585616,599.9259862334397,415.22062496132605,416.85345706648246,629.408905770392,264.73389770225384,162.90814205662423,179.2328511472571,214.002649047446
2011-07-29,353.8664112607435,343.55384167403224,282.0663937296079,77.54135177253582,500.21991847524026,371.8166041633157,352.3082143909781,285.71331700636307,242.41052553097143,292.2954820870815,211.4707242667455,196.820663440476,228.6646863698433,138.43597640727594,264.68076179078145,185.49098065293447,291.94123576162457,433.76432951213087,918.0521797409576,170.0758264767545,285.9073993361774,401.96439189113386,609.9203118446702,380.6056975544916,401.70920254728816,585.2580914110359,267.2534691845755,147.722588401728,178.9799772547665,214.0724171397297
2011-08-31,304.8452447501747,312.8521897090636,262.192803926243,70.75196895826683,466.17045119135327,351.61885089776257,325.5100452765392,280.2536020668615,246.22399084811235,296.56590827629793,206.1374667089195,196.76934352047013,226.4151650001427,138.63689120405724,265.9493929635781,185.52923816769425,294.8565235618904,486.6835510530534,824.1629845058183,153.813603441795,308.66816418288494,366.9923825123125,579.4981866627197,337.1450454258237,324.0527567619209,530.3602021484297,261.3681143236975,124.52761905663915,179.20325633891937,196.65331384703003
2011-09-15,275.73839393722005,292.3361499255328,253.3839043969416,68.45558747491094,424.8981886044838,349.1589560388396,313.6382871134178,261.02878846593273,237.2898898782973,297.70946764751096,191.11309058045333,190.06321693146265,220.23429057940496,138.57325063504575,256.6481778842739,185.55358888020373,283.8244030363304,476.86483604372256,705.7120230980042,136.22786196993127,262.8898173846977,325.8523396569326,553.2874447980661,304.9703778313984,297.8543548052777,489.7727086556352,259.92419494363133,113.098306219095,179.13752850866396,184.59388780831245
2011-09-30,269.569096922084,267.2400289190084,239.54706068789625,68.92778417811662,414.101304046541,326.90053925012904,297.38587250532083,250.3927496572784,230.2425341481177,298.7233098363177,182.93923504139903,183.5353133941908,217.2939846159458,137.93507520022828,243.9009494656084,185.578715928698,251.4094318921761,432.895227939217,705.7120230980042,136.22786196993127,262.8898173846977,325.8523396569326,553.2874447980661,288.8043409279851,287.1200209100828,485.22953910059306,243.53971133768724,111.04324261138994,179.24698966045813,169.46891162223037
2011-10-31,305.4862310357445,302.6376144434948,264.3250483053199,70.20280901860876,444.30071245478325,362.6285269244118,332.1907251782098,259.2379001651003,236.45598744443484,299.0441891822701,189.471919856114,190.1917870562894,224.4994703275161,135.98696000881347,258.2680102183778,185.6354463111645,268.0485955632462,457.131431618236,840.2040137079931,155.74512474607266,282.4982918448417,375.1719263605461,610.7221276490766,325.03919319372824,331.67461878465184,527.8905138896088,255.86132020358843,124.15077173040874,179.68964348930604,191.84237314185748
2011-11-30,290.5450764222365,282.46834888347894,257.87138779676286,66.35042226318478,420.963120689736,361.8270166854317,323.7737669419228,247.7358075994352,224.0800352815188,298.7847548174576,182.0467702768859,184.75351568272032,219.31732805203376,136.96879683901227,249.1326457466513,185.6980982742945,262.100545005307,465.5691815515871,856.2874346363893,148.34899230454886,287.1232678165826,373.8043685562673,595.2631189401234,307.6049252734854,319.0244800132002,488.0587243257119,251.96002058545469,115.32021754098312,179.7371115706854,174.1273838534812
2011-12-15,268.6201767980858,272.9989859447414,248.9127483260128,65.69229894313585,418.499338536669,353.08371498471973,313.8328604662357,242.57837434940143,222.1455609440685,301.14867978630843,176.91287366580988,178.99036581355662,216.7556288774476,136.55626864247648,240.09040291614104,185.7371722491397,244.3572772926346,418.6936816848848,837.3552897059154,150.96451683462155,248.31073604905387,376.2736013103425,590.9752547307137,283.3199704660587,290.7186744806249,461.5274780275876,247.79216714191992,106.97004913952644,179.44615667749747,174.32479885168073
2011-12-30,278.73379298945247,279.06401231899434,257.728108937336,67.22146071349633,430.373529650319,365.5282873517484,324.41576387265616,243.6517418840192,222.88094846058493,302.06864769837387,177.34135761390516,178.35332307587055,217.22028889105908,138.25281752313705,241.2135569861716,185.7785761604536,252.27724803539385,417.1980805118644,837.3552897059154,150.96451683462155,248.31073604905387,376.2736013103425,590.9752547307137,297.98739817496295,297.98645689287883,477.5100316527492,251.2779145227654,109.89113270772395,179.7869050069858,178.58031231058177
2012-01-31,294.3103036954561,310.716749343942,270.66171084213283,70.57187864711136,441.27759746931,381.9094703158464,335.7541834011601,250.3531162219863,229.4006985602489,304.72102271757547,180.938900565748,180.22615664638417,220.5090542916537,139.43399716540125,246.4208921701089,185.8702269246928,258.51573022683255,463.2791255665165,856.4400448507863,163.23579421880393,275.4527448733674,402.85852115283217,640.5176029408142,313.96059851182184,329.33735628822245,483.0785081881648,256.2713874432385,116.33871291579642,180.12978836546114,197.84304275080717
2012-02-29,311.6490805715412,329.3290534353996,283.8831801445717,73.32422242669988,463.241444581024,398.42406901047167,352.3337191376743,256.1909979890253,237.3967098860597,304.6510437112774,184.1696318461172,183.69904926309192,222.8769817223699,131.0670032955559,258.92345550487545,185.94883454149632,265.4922441552415,452.3487070114645,907.6916418524494,171.3696862372015,274.4760722154095,412.499859766427,681.9776478424993,334.7418710468344,356.017053417061,489.76433000745175,259.8242627094843,122.42158121109904,180.155737204276,210.32034473392852
2012-03-15,315.96812645655075,325.34467240223654,287.623622763615,74.1316953754341,473.65217445226864,409.6221862910256,352.97660002998373,249.772597973254,233.2579024023609,301.937223710936,180.50078737965265,180.4022878378153,220.103314247798,127.28061154663972,250.7038795101608,185.9856369149993,261.09447055990125,442.1914156225016,873.1254282915261,184.24896648875725,242.52327884830737,423.0689836992495,716.5223398218741,340.7723951878628,364.1974770663108,478.65421757932177,259.4613957190774,124.89758069545832,180.0481088714339,207.68317732610802
2012-03-30,307.97343242562687,318.3363888285805,287.53290567955366,75.1115744947714,477.127978809259,411.5358893394397,349.74916818324454,256.6613240340168,238.57791858502264,302.98178839031266,184.6334949906629,184.07484486299512,224.3935507501052,128.36483829897534,254.84582270534776,186.0220591022285,254.51007501627856,444.7214076246344,873.1254282915261,184.24896648875725,242.52327884830737,423.0689836992495,716.5223398218741,333.01813839714106,361.210740487732,464.07959504140047,257.8004370701969,119.80100949915766,179.99000577050714,199.83561928677656
2012-04-30,286.5813476938613,314.5312658026068,284.2677018367815,73.63471017822839,472.0165823823678,408.9527373081513,353.6397027588909,255.9414614811203,236.7165853581239,306.34078069262193,183.67077987728013,182.7480168496576,227.72535663087308,133.2892931022818,254.03203234813225,186.09734636337072,253.4329090438767,443.8149826712887,866.9616712989358,179.88728738226465,228.1331465102642,416.5340991956202,708.6571435620364,311.1326727035292,348.8122924687315,406.357052204934,261.0827094845285,108.63928297608209,180.2263835362492,205.43621408596135
2012-05-31,249.6793225419648,279.25892604733576,259.7285996303219,67.3383450352979,424.2046959436036,384.3744444538504,312.90596785566214,241.31660643435464,223.3453389013105,309.1126320640398,171.68613148548874,170.79528689898183,216.3000206721204,135.86196155480977,238.0500048019151,186.1726640949406,230.2894504455483,416.0250599840052,774.2340093622626,163.43969761944743,210.5191918475076,388.9630568675185,658.0835368711919,278.6121215347906,301.8813425354257,334.4791752458796,249.84330570575167,90.82515698633274,180.197640438988,183.32750507988732
2012-06-14,259.003505204194,282.3642383378187,263.99675548908266,66.66773975477395,437.7172666917808,390.2289908319012,325.60596817287507,246.9519413905475,225.21453411899367,308.81906159859403,175.41479524505144,174.52447107629337,218.57173296730463,134.10727533782477,245.29915048092383,186.2074163255716,231.10428243941143,432.8445747800596,812.2339527471186,171.67183400360963,213.66921414822733,408.3725052447356,682.2120247699411,287.54220381817964,302.2107290141272,376.0460242814393,252.45923231482308,94.33369800393456,180.30672152739663,187.20781730572938
2012-06-29,274.187360623182,290.03632448831604,272.9631657206426,69.80123657408625,450.4908897608196,400.2114673190717,335.0819056858722,246.8805416830176,227.02937714720068,309.2338152212877,175.82788841883033,174.94125200308684,220.687790964494,133.3771909357167,244.8311788193804,186.2446578088368,242.9391931067084,425.8731005065326,812.2339527471186,171.67183400360963,213.66921414822733,408.3725052447356,682.2120247699411,304.5501198008636,316.56056729454986,400.8221938065404,254.08094903146204,104.12207982420496,180.37172059995336,193.5575737754942
2012-07-31,274.11321733682973,295.69430211261914,276.472231753774,68.82969346381583,461.596526780967,405.7700610360035,338.60588537457903,242.3130997307579,224.6263969718463,313.4991209954092,170.8166251261798,170.09175910623978,220.4752124926208,136.24902988094613,242.26599132288447,186.3224666880991,258.65398852902064,430.4398826979482,851.1241223826238,171.96842076818203,208.32071879232225,402.7295062656361,689.4851108972941,305.03659175380386,324.70991479499264,374.2676246240578,257.78326549091565,98.47077917159112,180.5028408419046,197.18942353711384
2012-08-31,294.1443669905651,294.7095572521635,283.4812833804387,69.7953912493326,471.1587937247436,414.9090385771245,349.75486210356934,248.71324581257505,231.50947841946268,313.70393759920853,174.67391803040653,173.87882189181053,223.2284626651724,135.7943602287221,252.5845228363396,186.4018866395249,262.01223808971605,451.0397227406035,874.431093459145,177.49791026017837,228.1837422713945,416.1593950884593,724.930303703156,323.3791776402912,341.62626246162387,421.3408533793784,262.45295239806296,109.44072635952428,180.53760870637944,194.5813271440223
2012-09-20,317.46096200529365,311.04473670207466,296.0083609893844,71.88525947823597,495.0096046126982,431.24891007136375,367.00108312433616,254.18068195575725,240.520712675328,312.8010377374597,178.73566687444833,179.3241977776124,228.22942315159764,136.06490627967665,255.45585866380563,186.4495226772217,262.5221882275284,471.482271394296,902.8844200989436,183.5983292739766,258.46739892562016,429.82487631398857,732.4106283768785,343.51620155828425,373.4645501024671,469.8924113358327,265.16020780283054,118.31578232087595,180.62676288111587,206.64033339084313
2012-09-28,303.1518371688399,312.4928909086271,291.2695065741516,71.00652825449835,486.9894361364976,425.63105809848713,359.0031611331173,252.874564674959,239.0818139396256,314.1357592722188,177.4824192567626,177.80650040768688,227.59364470961864,136.55814680089122,256.1576151324727,186.4660959681263,266.4810140131477,472.474006931486,902.8844200989436,183.5983292739766,258.46739892562016,429.82487631398857,732.4106283768785,326.6630672880673,361.608869889694,447.691496553596,263.39834688547387,112.27353991244068,180.61401234929116,209.17309102267052
2012-10-31,311.90553280055684,310.5954175050146,289.30123397935483,69.84708621755811,498.83571866305806,417.7720588857754,361.2870648100968,255.9202085211904,242.7812688288434,314.7536226936801,179.07123782510166,179.15976788206004,227.1497562428281,133.47245592498084,257.628160949927,186.5327575974349,256.1605223487854,458.7176752865913,883.5537929419887,187.15180944700944,251.60975414289555,420.4999046411704,693.2499444896756,336.42097925845815,366.57166011691527,461.3014683968016,259.5443306251814,116.53002591160109,180.7817188603025,217.67731460876234
2012-11-30,321.86688995368166,314.5390936631827,293.0057040876827,71.46488599582814,517.7798069606121,420.195552244618,365.5035423276611,257.38812811882764,246.3188977812256,315.2503029578935,179.7392289170899,179.64014713629194,225.602864833292,129.09724423349834,259.3182846725605,186.5871629850675,256.29271512545813,457.2060783791,874.3378316614579,185.65033895136176,230.5833770941085,422.7346668611239,703.1431179532732,350.35946918658954,374.85705434908544,468.53534638949134,261.1048204952659,119.04131944507547,180.83393154540025,221.76602217017532
2012-12-20,339.00162385604216,328.8946071734338,301.356216041121,74.23464036750887,534.2762997053806,429.0140272757286,377.5050439498036,261.6961642879674,252.6209566070036,314.0367645803824,182.99251684724783,183.1955402497013,229.4091564748612,126.18204383253028,265.01533947166683,186.62137063161475,249.31218724634047,439.3281791522271,882.6211749651181,194.46638052827583,223.8544898000536,437.7946307369554,699.4226926208279,369.057742344994,396.0161750294737,498.6671289666507,263.0461974352902,125.92975210202428,180.8791127416197,228.15214545520917
2012-12-31,334.8809001973696,329.91849133676925,298.516046621073,74.88119166620875,525.1043534138041,424.0254979809865,373.06132904390176,260.8378378036582,252.21199280665027,314.8014132345666,182.2317663611233,182.47606742462105,229.0322243039688,122.75287356076844,264.78255471422693,186.6401882864868,249.6108251790667,446.6408957611313,882.6211749651181,194.46638052827583,223.8544898000536,437.7946307369554,699.4226926208279,365.0244786343071,391.3789339338388,491.636801165007,261.9728131666425,124.46782639092748,180.8904001723166,228.11449602478268
2013-01-31,354.3032922345649,334.467261117459,313.72229047103974,75.90231880895854,572.2296919716429,445.987962108578,387.8067647425789,259.9581030964983,257.83369015412666,312.5996347437236,183.2847281410314,187.81910349801208,223.60274443687143,116.12346432625064,270.00661629106816,186.69322520665816,255.59464449776544,443.5350573180495,955.6451625540884,206.0833133631204,207.86326332444705,465.1973927774101,718.0593590407822,385.2230980010172,411.4640673129692,522.1589694592743,260.89382871335346,137.27728173426254,180.83499029907213,238.76589157774734
2013-02-28,332.1068943942448,330.2652655602842,314.24031208772465,78.10313105936572,575.0626137187292,452.0421241545116,377.4747096821266,254.2445375240688,249.4691634887136,314.16648176278864,178.05616618192704,180.67839366327485,213.91539426540749,115.06826165945596,257.54077952530656,186.7367869592064,245.1490067701967,421.1170354572123,963.9878542744584,208.672886551293,190.0894958437752,470.3288196820624,721.5750129524097,369.6041671370618,394.0245777406628,494.31713394456045,252.66072851221057,120.57455069777642,180.88161112606355,231.68125732265486
2013-03-14,344.69253601082767,328.33804628648306,322.40528621283744,80.56597884225957,590.6182397045538,467.00568032710544,386.4688047999102,250.4900039469461,249.1903784260476,312.8556554984728,176.08578326475697,179.9117960387752,212.7926247179596,110.82489866361549,255.25898972497453,186.758572917685,248.1526014860536,423.9376166355648,985.6161129926126,216.6714608583545,188.13161435617192,492.04595173721344,743.1574272814748,382.7051733602448,408.38190044640936,517.8937990896881,254.8475694653948,121.63917971959404,180.8319673399917,227.6911849675948
2013-03-29,324.9895004757074,324.5767592797348,321.60088150113705,82.88399639076019,587.4491722695833,468.9952339431289,383.2728362664362,251.09477266124392,246.31530772474304,314.41738210244284,175.7125674807248,177.33834529103527,214.4514438781843,113.05552008732174,253.0787339523963,186.7803614178588,246.8008812851777,425.8864302852581,985.6161129926126,216.6714608583545,188.13161435617192,492.04595173721344,743.1574272814748,364.1791358090063,389.3794848407551,467.0238504621473,256.16850645240635,114.00405728470496,180.7359526259346,224.95486565874222
2013-04-30,347.4016722150039,327.022965709722,331.7283656343785,89.59379016654209,616.5573741104973,478.0311021189057,393.8592777806112,258.2733497923935,258.31666793860177,317.59886668145936,179.475270690524,182.2126554357633,219.2387223057884,109.31653080850222,256.8681520377053,186.8268489744784,239.91267427235985,393.6843508397769,973.5853410909814,222.71812352107392,151.37641091708895,490.2374995792993,761.6978758049003,387.90350110635865,406.1207318026068,513.1874366177111,258.99195997517785,128.31472149041215,180.8720791046663,229.6211232954196
2013-05-31,354.0701648255469,318.6330647444092,331.8536582384478,86.37666335647708,603.5795555415342,489.2131350157032,396.4196840762259,249.7509237254177,252.600739225226,311.93227397634405,174.6346457255603,179.86531884155667,214.65992380214257,106.06451162842538,252.9059830601052,186.86385106984469,234.5319287479149,369.98133830978486,1000.4786522058326,236.2814069984247,148.23703117302068,509.8309344043439,788.3798386499894,399.3796242025383,422.8823679987349,501.3394743417703,251.69471881193448,131.67378544102314,180.87231971387183,227.54319828975437
2013-06-20,336.6519108553211,288.0018635246242,321.336501009763,84.28377335322992,586.2075415842461,477.0179552515511,379.6630746554898,254.58823071462143,253.2172372779839,307.49116728396154,179.80893730053947,182.9693107094191,219.0780412527168,109.52837239617442,247.6948913910429,186.8929187800111,229.9261433069601,342.56731538256537,978.6977832732812,232.38314471157645,119.02303869634778,507.223711814398,770.0046875385494,381.4472195929592,408.492452138031,480.32475123816994,251.5583153162997,120.98322286447691,181.03872330960905,210.07530325217388
2013-06-28,333.6966338640924,298.3495124199843,323.6766350684838,87.01548061133326,589.7678500596701,482.6435954523519,375.8538051056398,248.65396581921337,249.02523718796493,307.1071361518378,176.4966006934985,180.04781275187457,214.9014719784764,107.47633849003051,244.8508175089325,186.9045476727352,223.47474333015185,329.12023460410626,978.6977832732812,232.38314471157645,119.02303869634778,507.223711814398,770.0046875385494,380.11634361274986,403.5145968105217,469.15016294584575,248.46299644216384,117.34695349107402,181.0646767533923,214.66590902736738
2013-07-31,363.4817158704524,301.4665665013312,340.7168657814992,88.0841213611288,612.499006727373,507.202587046145,400.5460775440354,254.6893175869707,256.4519055175804,307.5270101896264,180.07417507012042,184.1424517801406,214.92934563698503,108.87633630503228,252.5879245122763,186.9525198399712,226.5194587410465,353.2577979205553,1029.245677619669,244.9232038511525,132.26551959744083,542.7207556906784,818.4022894925129,415.3976386661468,429.06192702506286,526.9605128278257,254.57612396834944,129.7892698302924,181.14148919910767,225.86604609152943
2013-08-30,355.21771596329535,296.2884367303343,333.46473777174816,86.08502129470868,604.4331619566384,492.5131426346218,398.3133412979191,253.408211735847,253.74752589192283,305.9550427554664,179.36948976920408,183.02036850707685,219.1813348207912,108.56918311408334,243.689906430891,186.99374287059587,234.2263333006269,371.9728072514004,1019.554929005459,232.6222677905129,141.81834823513745,525.4821230241089,816.0634544691985,406.7261426574455,417.4918286408349,514.8111883632756,248.5289705050092,130.54688361418104,181.21553805647707,224.90832826564323
2013-09-19,392.2304969228858,326.61826531794486,356.4902878586672,93.7207666123922,645.1143649700349,520.052824502442,425.9390656041298,258.88580503935543,260.4260209197835,307.05934561095125,183.1647228719996,187.3188662297229,226.7256412319444,107.18133841254802,255.8575832476909,187.02179193202647,233.4342470274464,364.2362036790197,1040.5133984493154,239.0507859126193,129.20203349506812,559.0102875349182,854.8145955147664,445.0812045301966,458.4279058993972,581.7884228649859,255.27393509749533,144.65579711435234,181.2817741430191,244.35528003669236
2013-09-30,386.92485794279145,315.5559327519997,350.1421874604375,93.35459758793436,643.5877403428701,507.9582144640935,419.5925533220693,261.47936086104136,261.5294700985912,308.85149089419554,184.3156685487833,187.2759163865372,228.9610347069008,108.47198913350172,248.1553527720673,187.03722122986088,228.2437627665932,354.31351639562854,1040.5133984493154,239.0507859126193,129.20203349506812,559.0102875349182,854.8145955147664,439.0138437987755,453.0440990329089,584.3493682586337,254.27178457527577,140.13229494580733,181.25094405612987,237.65702135831583
2013-10-31,412.3286998204652,330.8867976900153,363.8479759787456,92.45127594140897,659.1130902114362,531.3078297087031,433.7828850846687,261.9443102617939,265.9224195574359,311.3485466555159,183.89731700664944,188.08798205731443,226.961337437281,108.3816020936858,251.49779497358853,187.08070738379683,224.8734713537717,352.7219408157832,1083.973396171487,246.8695544936588,128.4383864382833,573.067300896373,897.6586978511342,457.5091244415138,478.2181430538836,635.1482198418904,251.54307844558983,156.30669980812604,181.3739274214518,241.73807518242404
2013-11-29,415.7868136072725,326.0483970680151,370.31412209174994,97.04493077583696,662.1388056740293,547.4988783258693,438.9745228666367,262.8710213365518,266.92574079351414,310.1827988188913,184.0393696682083,188.2167611670328,231.6947398049678,104.07459928620042,244.2284870066249,187.1146157620101,223.07370505490184,334.13756331644964,1085.626673494121,258.1565345529166,113.9074583097842,596.0263414743597,929.4254064589352,458.2797374924142,498.1481144090181,633.6886882911423,247.43166343673832,153.8166368198472,181.43745591186465,248.941102997672
2013-12-19,410.7209658115511,317.3383366051456,368.2826356674437,96.56168402994452,649.1097576340877,549.2654515902374,434.9877402395194,263.0000712449596,267.3244578011441,308.8002867432457,185.71784378771272,189.21118548299023,231.79488522541385,102.27133761101985,243.47859679332,187.13852485180195,227.59519753097425,316.896827512664,1115.7671908375307,263.7527560669417,110.09236345241284,607.7565993919472,957.6271186440686,449.18098688803946,497.03078471037816,626.1995633184921,246.42279703846992,150.02626519095622,181.4556274466118,238.60158924061815
2013-12-31,423.8415954115375,321.33445942917257,378.1498429695141,98.29151426125448,667.0234888515746,561.3593843913751,451.03993425208233,264.37448451045145,268.4151214603924,308.42991005137515,186.77550021761,190.3457349610497,234.4810263216037,101.24479185179268,246.81162809935816,187.1534959337901,225.8395846898999,320.3519061583585,1115.7671908375307,263.7527560669417,110.09236345241284,607.7565993919472,957.6271186440686,464.6988908287348,511.5579459919304,647.2671750853638,247.466176721428,155.19039100852572,181.4674365856812,242.94277805517197
2014-01-31,404.0251194166452,300.4685142778964,364.1437887610359,92.87531611295432,656.08354904307,541.9509510950077,432.3613794832048,264.541757180058,268.2895282008015,312.9870794859106,183.96701575376,186.84102669961257,232.9213895244017,104.49880097102844,238.9250519529957,187.19056272340143,226.5117876352477,331.79152226073114,1052.281341648374,254.2174915859396,120.08450287123446,590.9330581015739,939.3407840525012,442.325688382246,489.1250603610008,638.9841374359679,236.4600067018048,155.9205882702071,181.2626739012754,229.3689283852695
2014-02-28,432.0888492429981,310.4216390002282,382.3732078137191,92.69062493172382,703.6439560045154,566.7418964334993,462.5674109561653,272.40939966079475,276.1397658581538,314.65121439178034,189.43940206912816,191.236309038398,237.34072863439923,104.75290307039036,250.261198070725,187.22477699847704,240.63536379773248,353.60970407891307,1105.8729619374578,262.1864072165438,132.33565579045603,618.7733488899111,987.8716107862735,478.9769336264815,521.2718613565138,666.6772163872496,238.03057869655632,167.9717083752399,181.42361843879291,237.99585646400695
2014-03-20,423.1668287462084,302.37146718391205,378.0359882268616,88.32771980935323,687.0915337233505,571.1816942781918,439.9681901299684,271.2354021746872,276.0275564113065,312.82834661796613,188.68447222653592,190.94611521450383,233.9962496397297,104.15478412574971,247.82452350074723,187.25182057737683,239.36561739021832,353.97760597174164,1129.654720347659,270.63727633957814,121.61982251932832,614.5551230128902,961.6164606616838,469.48782990564473,499.1491993835695,663.5015449089452,234.3604971566111,173.04316611684408,181.3641539914561,221.44951177696743
2014-03-31,433.21989204598896,319.9504936793431,382.9265907576849,91.9878021393196,702.7047918812972,571.5057522835589,448.2396253997543,271.8041890468686,277.50619510882865,314.1152776118387,188.51080879055152,190.8298231091888,236.2930809460564,103.3096264586534,251.24344002876936,187.26412198170087,241.62484724687567,342.31138363103247,1129.654720347659,270.63727633957814,121.61982251932832,614.5551230128902,961.6164606616838,476.7687578759106,512.745229131781,681.4394123755278,238.5525429962846,177.84455163042844,181.5564900591642,231.79983109006275
2014-04-30,443.0030106274283,321.0197794340191,386.8503884070735,89.59802489075456,716.3828078535912,575.7303580045203,467.8580786519577,274.7649844678106,281.8732142398349,316.76594582600865,189.40142939853683,192.2483815810145,239.3425584129237,104.31737238095816,253.23925938143384,187.30040440533483,247.51045857156856,344.33484404158963,1189.876406617769,266.4850616355648,123.68046574246884,590.722146807723,958.3943946907464,492.50949891984425,519.0001177743105,696.6768767454273,240.68489356557632,180.0291524775219,181.70062776173253,231.95690938294206
2014-05-30,447.2696922186331,332.2245790624468,394.46163034054354,92.07777640210928,724.7497458728799,589.2451344739134,471.0808102390831,271.8655237680444,279.7893019867892,320.3724248579088,186.2623665847893,189.0464119445701,237.83777153659224,104.80263010547544,252.57376753087445,187.3343526036333,240.3954187442577,333.1591575579853,1209.851388013289,270.3184455676628,115.57886310850454,595.4564322335282,1002.0181087015526,495.36716803715774,528.2928534460623,710.0466381229602,243.4820794984672,177.81371194035992,181.74977214662712,244.5826534158088
2014-06-19,456.62007158066825,340.45792281624034,402.48716733067465,96.50370392257142,725.629248268759,600.9538886114094,477.44873071208497,272.2571306346084,280.8162323948459,318.7765621533056,186.4850474348232,188.7119568410596,241.8774004295628,104.6293094118178,246.76657579495185,187.36245275652388,244.77490656414724,352.0101306318323,1277.2033626338366,276.86745206287674,135.69975050119984,627.1380010545564,1032.953395998323,500.9895205767943,530.5069247799054,735.3467992472231,244.26652070078512,182.3454796185024,181.83545162403408,247.6042264698476
2014-06-30,447.7134918725132,341.0520574339556,401.5181796512596,95.949289743515,721.4940521946716,601.417457482201,474.8519940355986,275.1428388418915,283.5335534087228,320.53798494598,188.02303593969623,189.85833679398752,242.86927182910304,105.26013591531516,246.3622480710368,187.378196407068,241.8290235395908,353.8603039189557,1277.2033626338366,276.86745206287674,135.69975050119984,627.1380010545564,1032.953395998323,489.1884748613873,524.5833860923516,722.4751811174555,247.7190294845257,176.31930914848013,181.86133175026,247.8978516175735
2014-07-31,423.2670608856191,347.64624718314343,395.11018327645047,97.4444760674104,692.1562156527797,593.1233333615513,468.2156967657963,269.46077269630246,279.4559504951087,319.7340797760675,183.47102698028,185.7881453907032,239.86440242922032,103.75763726536482,240.72318722572712,187.42176183773267,229.77735953402475,341.9328179152234,1232.302046220138,272.8727990775424,133.34006888296472,589.1784556357069,1045.0324427010098,459.69773750588433,491.0559069898625,698.2167192053809,242.6192503882976,166.74384621941047,181.92061516266745,266.4095795808078
2014-08-29,422.69998824689856,355.4803700475632,403.816578612597,95.08281308510536,705.4853522810921,616.8511855883919,469.6714000097685,268.94688796077486,278.4267337378319,323.2637525815429,181.5971453198508,182.17783957247585,235.8668415223904,102.47299447745148,244.4471025592456,187.465545643762,227.3758574244707,343.19381498267205,1260.1873237285697,284.4359755613083,136.92137643028542,618.3930354398286,1098.3100189968677,465.0216480198424,484.6558831947405,685.9643321641842,243.4602963460984,162.52509083310383,181.96622947007765,266.90356382786416
2014-09-18,428.8722959204229,345.69710989972964,402.76211256427337,94.85605205995093,707.4410056133082,619.9654609022491,464.226385592458,263.333792396166,272.3642425830847,319.5872945433446,178.55843552860173,179.26980576640997,232.9988520238747,98.1369296342002,239.77811151137257,187.49678990136928,216.4383769367311,326.61956811517007,1161.414601632726,283.3163605250475,111.08456377499346,580.9832056272928,1090.062418276467,466.3087727885344,493.4054839577807,691.6818300849516,242.3697548321936,165.22466464814127,181.98376254427197,261.69476483266504
2014-09-30,413.9104551455064,329.1317913488853,392.8565753296689,95.19252251656344,692.4978033163328,608.2006653855594,446.04705123712256,257.9118592444503,268.1963104250338,321.0688013108266,174.5757630653523,175.24098781312557,230.5103295662501,97.27626889555847,236.08976763051368,187.5149145910597,213.2199020596026,322.0874433484412,1161.414601632726,283.3163605250475,111.08456377499346,580.9832056272928,1090.062418276467,451.5451507395268,466.3716139847352,666.4804098817455,236.74600531648588,160.2555604114078,181.6680071496953,247.9320200722323
2014-10-31,396.5790780937904,333.01206183638817,395.39796336217336,94.31708330080863,687.3071185088855,623.0562022230309,435.68178922280606,256.7103313197129,266.8240232232087,324.22468381436823,173.20811586967375,173.79815710256233,227.52142328417693,94.95815474494216,225.02761242958127,187.5585118087021,211.50585590808933,312.70061316982213,1121.498552222663,291.71903429883884,91.31679990135972,619.2815553586053,1119.6506550218348,429.6164160998026,455.31862507489626,641.776308657811,235.556524077247,150.50096224858228,181.9578921845853,260.2153610230076
2014-11-28,412.0204488089859,329.4903073632643,403.3220439021801,94.99966182916292,709.7969236440356,639.8130825298194,439.4965930249765,258.1837713940943,267.9303578498316,326.5254569970476,172.72028422392262,172.72578439471886,222.7357403684079,89.9009807127711,216.33421184319533,187.59571091354425,202.9020863623793,311.2183417755273,1022.4884364599797,298.4385781836819,95.70135877366047,619.8368803078407,1170.4734413934332,443.0101823160144,484.21181614933727,658.3478043517075,232.6737808128944,151.48923116771266,182.0267580286957,260.3759554896568
2014-12-18,394.91068593746326,306.78324940452256,395.8761707436976,93.47504345021328,688.7256471617851,638.5867752503659,423.3688215510923,255.9546359179072,265.43038982189603,325.8154261038765,170.14258821215785,170.4800417145185,223.0466332516324,89.73837907186233,206.00626534391537,187.6238502701813,194.96275945731367,319.5334577446022,1021.2760330900476,303.84757930257075,95.7505587896562,637.5018230364495,1143.4411467199575,424.3372284224969,469.775652769356,627.8640569204355,229.60294340435496,142.41300137416238,182.00417381733692,247.7958946376071
2014-12-31,388.08639761665137,314.3050406319616,396.8184409758338,94.15283009146248,676.5113246469207,638.2012579681189,427.5349620682583,252.57300155981133,262.5323044540624,326.8309750977149,167.6736455344432,167.8625805910893,221.804007669594,89.03252976511902,204.3708835513871,187.6448537178643,187.42848477820684,315.747800586511,1021.2760330900476,303.84757930257075,95.7505587896562,637.5018230364495,1143.4411467199575,420.17932089913694,462.2981751341249,612.8755804544047,228.80811765512,139.86431317672745,182.05220936461956,256.2229702632269
2015-01-30,386.2490761945326,316.1892066725949,389.6282171168041,97.22467029138464,682.308847753762,619.0428945118388,425.3844146980566,278.2763074801836,249.15407105815936,333.68379729983474,181.13949377716352,156.5935240981978,214.58235788842805,90.76408263468085,197.2680136982304,187.69411049196523,181.1679704573227,342.2527326046396,974.7129610084704,282.8751877127461,114.41376485737148,616.9963090523577,1120.2797720375995,422.4644453568954,470.34448928254153,581.4409121454098,209.02630839330263,140.72767279395558,182.1741125469324,266.12378446012605
2015-02-27,411.6015423363217,325.9795118949468,412.4560057067079,101.61120023354783,707.4784664440527,654.6203662160216,450.2318418364136,267.3819094988616,248.74754640393027,330.54668965164143,174.52758832304264,155.37401933379277,219.906359100661,89.13386380581996,199.09114752304868,187.7393656274949,185.83539234138195,323.4284190882439,1019.402318791062,299.4377048468351,110.14243580911769,653.6253183302108,1201.4333999457242,450.7643137783239,497.5235220290288,619.8568996825379,212.787413603423,152.11668865852275,182.13310436641652,269.52376516986214
2015-03-19,399.6242765009876,317.92229500411224,407.9970733044689,104.27952711040916,713.9971963264196,650.5916513582838,433.58862317552575,257.963267479064,238.71224220448207,330.98704534981,168.14990070496086,147.90424829771658,210.3007897445981,88.27954027565187,188.79845340649683,187.77743499885835,176.04634775084952,312.23140495867847,1004.692389792239,297.60998891015777,93.98668587576655,665.0122844609982,1173.4586633113768,436.5226666791497,494.2825249588442,585.5746823444346,209.49957388717309,147.83407747166407,182.06388393195112,266.68705962934007
2015-03-31,405.6335810686418,321.34385286186387,405.99963852865534,104.00012799737354,711.4147075441165,644.2677795931497,423.90747686432434,263.1867447780388,240.50737866614216,332.08110737510486,171.0963270903731,148.9186285847394,211.27358575686856,88.75424507670094,189.54091420394448,187.80622753889148,176.29030675503296,315.53452412690024,1004.692389792239,297.60998891015777,93.98668587576655,665.0122844609982,1173.4586633113768,439.977287994231,500.4700396879194,613.2399628348599,210.07566428188247,151.16520952747712,182.25665567084664,271.654462721764
2015-04-30,416.2546081430463,346.0603226304543,415.52135256640383,106.36218937179436,747.2132152490917,650.4484156881999,452.9767427352893,274.0028614238395,248.828651022482,330.8897574630053,178.34490545596196,155.71772574229405,218.9611268944448,89.30179243361296,203.05298188542275,187.8672645628416,186.39850502635807,315.747800586511,1074.1130806523909,298.1512597555024,103.40831447080792,648.0518752033387,1195.6035822663025,463.47440175679145,500.9458286451468,635.8940896551275,220.8377185299204,157.43380219804084,182.3496002865022,307.13216463694664
2015-05-29,407.2204270571818,332.20187826677653,416.95274416996585,107.74127329796652,757.003663325574,658.8126338601674,454.4989756064018,272.4499142790853,240.9197268755431,330.0926795132195,176.7161769133494,152.5134227750174,218.2201752425539,85.87139637356336,197.02220529953496,187.9247728199384,181.3692031861848,317.40335910423966,1018.2662205283287,303.6232855618629,99.85928352972552,662.8470780932721,1223.2748624577514,456.2043253802432,488.9120128894853,616.2205521004073,214.3152276806917,159.07417745017727,182.33691377869795,300.37091123019275
2015-06-18,407.32662695007167,324.07342784470075,417.6325547729507,105.76037670327082,742.5472723254732,663.9342402668314,454.27008538615456,274.90709153481714,243.5598763616333,326.2267661165068,180.19719406467607,157.6387509182243,226.6755077930621,86.70293662319635,196.55702534007,187.96444582753367,180.7543551365188,320.43188483071265,982.6063004308936,302.72611059903136,91.11912749666766,667.8113465788617,1193.9358053931371,454.3266647798998,491.4722186553757,618.5330246294373,218.49582720826848,157.19475599067522,182.3868120469116,293.59166300635843
2015-06-30,396.402145979324,323.5740103399546,407.2576286606623,107.68643470359775,723.4059691853504,646.0594106343171,436.88360767542594,271.23313761268844,238.7429380673601,326.49302770144595,177.48664658690532,154.52972605182697,224.224300259216,87.02880509250488,195.2025440463938,187.98825465733847,184.5022255126706,312.54332178085923,982.6063004308936,302.72611059903136,91.11912749666766,667.8113465788617,1193.9358053931371,444.6731935605278,475.0422370862285,600.6658245963512,213.805579985413,154.6103011694641,182.42334736233792,291.3602528890846
2015-07-31,411.3526462348077,301.14405864560183,414.5679064086085,108.32295019455242,752.2338408645645,659.5951814572451,446.55978276972553,264.1811071942911,239.7479511117897,328.76307839355536,171.69550135112792,152.4027479987676,223.13842593229623,86.04348199376369,187.5380297637273,188.0546249550244,164.90986450686378,292.13543055185363,906.97946085193,312.15942337971177,72.36798948547062,660.0502597125773,1246.7150223274873,465.6439665347151,484.1023518196302,617.9234292467595,204.1889198219446,159.8015167762375,182.44694928650267,273.56045523145104
2015-08-31,381.5275880003015,273.906234985495,387.13406483259337,101.64004423694644,703.3787300486051,619.799199166998,412.4627984305265,264.5159031789851,242.627385262146,328.2902933997852,171.40501412462308,155.54179381585638,219.27182094288185,87.9223414865876,185.51614121360288,188.11939932584227,163.39473191269204,302.5673153825655,869.1575627172041,291.0683970840582,73.84311762463352,618.5714125447345,1163.654306367652,435.0735398675421,448.23448880558186,579.2847990051798,203.53086176590247,152.03823429521685,182.56851133718908,241.30592599690826
2015-09-17,387.514831921417,277.35127642497457,389.2055401158988,100.18497649036776,711.0209886689574,626.2317675044653,415.4918013371082,264.5050614248529,247.4597475332945,328.83647100991675,172.7212449630103,158.64841471805684,222.8526899821528,88.81656355104954,190.46769523693987,188.1571538441792,159.98439019168836,301.65555851772945,806.316067766612,282.38952688575887,72.11309153025869,588.2226236018712,1138.7141341622885,443.9884585128295,455.8727268356133,582.3051999446395,202.9228412319989,156.19466330625664,182.59709282850824,244.3245173938323
2015-09-30,361.04322491027045,265.66662894324065,372.8548116289008,95.24190977618755,674.9195160542994,604.4631625284649,395.0338046825095,262.8027518107131,243.65536546683097,330.5108467459765,170.24700548830162,155.06318618542844,216.2889382986945,88.9131988834356,180.5440561661977,188.1887485662621,157.81123727800616,297.2780591842184,806.316067766612,282.38952688575887,72.11309153025869,588.2226236018712,1138.7141341622885,415.94623966403606,420.7896912250679,538.3680835073022,200.98609120133003,147.4880880616792,182.61928216514244,233.68826275786063
2015-10-30,392.2933582505894,284.61709661157965,402.40142702600855,103.89177519496734,698.1586100003734,655.4521828201848,423.74228700002897,261.2167403532902,242.28278484255617,330.56717131202134,167.62262875546142,152.68335453276342,220.6982792867737,88.36845553334392,181.30767715077124,188.2593193469745,157.1071011247981,304.48147160757213,896.0423954868107,300.02161003958696,78.58237022927229,621.3637434510921,1266.7382133076762,450.622048064542,465.380552611734,575.746994098401,204.68104905776977,153.0579901686521,182.65480979499137,254.14608394761964
2015-11-30,386.68902091492254,273.514841956697,400.3991900946384,105.34724301216616,674.3563362036463,657.4014408221657,414.8147006546876,252.4273441383003,233.67697878725863,329.6932871358108,160.82980111783704,146.5439880668526,215.45378893754489,86.58113156065262,177.00662054129228,188.3355120770547,145.710157079271,283.86296987470087,895.4743463554441,305.70680758298386,72.87953007731281,641.5753278660939,1273.7744553820353,438.0986494742304,468.604525560173,556.2749514831527,200.49544945944209,148.91428201080114,182.6478070243124,247.14206926479747
2015-12-17,373.7667899175121,268.39463835396225,391.3711376481147,103.70923268125802,670.4723481377216,645.9928720783562,394.4227086825902,257.73590361284573,237.6900563655052,329.01909914830463,166.0298265860365,150.1713745003126,213.32746817974467,86.96967286579589,175.68411547799715,188.4191121182489,137.68698320384618,280.2186083711018,801.1273204771138,299.2134111061273,73.05452162356713,609.3619933361006,1254.9354846668157,423.9264483323701,453.04665774152863,542.6325610028301,192.2952602683816,144.59822298276882,182.69512607968824,245.8017175231224
2015-12-31,370.6536616128524,267.4177213540826,393.36123822271446,104.1260087156748,678.9828776432054,647.03293912484,399.06870602818094,255.07657321456648,237.9821114063449,328.6282407960542,165.00384221765808,150.6063449082376,210.9848231415188,88.66247801058014,174.2351995205563,188.4740676926167,141.213907893211,282.88456411623645,801.1273204771138,299.2134111061273,73.05452162356713,609.3619933361006,1254.9354846668157,422.15675579410646,454.5817239223023,526.5748888048067,193.7087423539745,144.3164252764994,182.7654017524846,246.3315312484562
2016-01-29,345.0834315733795,250.0696167456424,369.8286678209311,95.1151406396436,627.4661971090438,614.92444572367,376.1809568046991,254.0068936406624,241.04178133509456,333.1495673249248,161.51805212336785,150.220888102576,204.0451710330121,87.97388993157169,177.66749438679244,188.5773095985861,138.84059263752235,298.1098373767004,773.9203105882243,272.7189446934205,75.67991822180761,555.7781841435094,1169.6913625934433,401.21993821969454,413.5662564796052,487.1213761690101,191.91343238455,125.39919127500612,182.0133026403724,220.23881302068548
2016-02-29,335.3010172017943,249.6602196375197,367.0762468796912,93.60309742142512,610.6280867890312,614.0948301404419,370.56836680864336,263.3224735189541,244.00615573329483,335.5134922937755,165.41274804896278,150.7900705453983,199.45673216502345,94.57056550102578,177.52034057458968,188.69260367037123,136.58225476991134,330.22394028259225,752.6735774060625,264.7055410481305,101.42356488936298,555.7535030346545,1151.0078207880008,397.4797204841649,402.3580543663423,470.0364676608744,198.21370096718417,118.91167689589008,182.3327504592889,214.20887422048173
2016-03-17,360.5754159878794,275.75439286747894,390.265594127052,100.07237540990492,635.4632821413073,649.345704199717,393.7877195046966,269.5169416818235,254.08569001070097,336.0204133881789,170.60833944370134,156.95733401089743,207.6003498420808,95.6706564557026,185.519616086292,188.75720467982225,146.21234691237984,335.3692348707021,828.4021571279576,284.0800714438214,106.89697943481752,600.1088212526784,1229.107147262725,422.2576597233502,436.3469613740342,519.3973659156908,206.90088694386984,130.70216020861278,182.87386618972215,231.44461011327917
2016-03-31,358.24407036785163,282.69692241229694,391.9856389355289,98.7196679548932,635.1985935276862,655.7538919975956,389.2050501405519,271.592649486674,256.7676700851288,338.5908617658607,171.5894444371481,157.80061588267378,205.9216294192927,94.66485634831471,186.7852768318543,188.8100566971326,141.8019962714857,328.6456944814725,828.4021571279576,284.0800714438214,106.89697943481752,600.1088212526784,1229.107147262725,419.8352763601853,441.9819405578726,507.5725715858405,206.51062454110405,127.9652901068472,182.8558988073301,234.46148797055548
2016-04-29,365.16734178695935,284.2335314433577,398.1882776763514,103.76953162473971,658.5391479908023,658.2960711776307,401.6079480037841,271.4746207080256,256.55186134175113,339.8914471999866,171.8259025956488,158.74567009261202,209.613614235836,100.05386039321668,191.97466025131283,188.93553671397925,153.87239204702556,344.8493735004009,902.7402882297908,293.74323896704533,137.13614671287672,609.5269080179949,1190.733476426616,428.43484653823305,447.9930924851133,531.3600694719058,214.00410871280607,132.55902673302873,182.93395828381588,237.8794788279294
2016-05-31,363.7180553117984,273.63069429322127,400.4246851750484,103.21256314204416,659.5416892203917,670.1177546200273,399.2781092422766,263.05844474887544,251.4534817735729,339.97849425660127,165.84323489167352,154.29685759004752,207.885710444198,96.22143520295774,184.6135896686721,189.04011463283416,153.5816928168121,323.99893361770285,895.2793444148258,299.7064866022288,121.59120974406838,623.2574576214142,1243.7569387906158,431.18730356881576,445.2332072725666,519.3423598180954,205.3697341512922,126.9365494987268,182.67811353899975,236.2635127750817
2016-06-16,338.2312145024021,271.6400693487549,389.6818266352005,98.16641248194996,631.1961042906943,664.8657800502847,374.9056414776079,274.599619757361,255.1706873217657,344.28988376657753,170.75565942185315,155.57969315760045,203.9292896140556,102.17964643600268,184.4414144387685,189.08809721481936,157.01415586616585,340.8237803252476,919.8156755517676,290.0989290973622,150.5940957691284,622.86368174832,1215.1062097550152,402.7453071195353,417.8208977221332,475.79562063909697,207.4434847961326,116.1221212110794,183.003686716604,229.42847477797537
2016-06-30,340.4050078220277,284.5669983038935,395.9378129586614,100.26111792126218,655.5940334991507,671.8541908285149,384.3552194480581,271.7071274683265,255.25685518646645,346.0871494649168,168.77173997345952,153.90475196998077,191.19577519392027,103.22274291213805,185.104090319938,189.12593794502985,159.92587571024615,352.41268994934785,919.8156755517676,290.0989290973622,150.5940957691284,622.86368174832,1215.1062097550152,407.3175221137238,418.9763705778679,470.7567778342976,208.19809357695053,114.39696962184186,183.0525155906901,240.05009792267344
2016-07-29,357.95981435350825,298.8872864415528,412.66555431281694,107.85482041481583,669.8294258753824,696.6244804320771,395.04449475300027,273.2004920644131,259.26006096057586,348.27527351550646,169.76708569583135,154.81696103347764,190.08296655946108,104.36564098029936,183.4399474501473,189.28095554541628,151.75124209474697,360.2452679285534,908.4546929244344,300.3849288261882,164.6424450173289,660.0536253183303,1301.7541262674863,429.7015407226744,450.1804552094716,500.7853952199576,206.6674420946688,119.7123590038182,183.17302551628129,252.91961062200238
2016-08-31,361.5370915953473,306.31514334208026,413.00851553148175,108.54269565100068,666.1112837805532,697.6025802737729,398.94911107875686,268.4708297208501,258.58526676416386,347.8775879431294,167.16513000601083,154.5512925284834,188.9065547686428,102.97097561509142,186.20148304470024,189.4527280125737,149.07723733152545,348.96560917088874,923.9785430667082,311.89064162431805,137.98231720074662,671.7255460695335,1315.7896035329247,428.9247749618621,460.6244053694896,507.6047966793148,205.6516176318367,120.22351265750665,183.27721009059977,266.1608792574153
2016-09-15,358.35238317302185,305.1292224648225,409.7369379186071,106.81814533303306,672.9839414460271,690.6666553793796,399.1316298168738,269.71796211371816,258.6823756997122,345.67239584222307,169.18693449190067,155.71411274540836,190.36561552002183,104.30710571467692,188.4565847428134,189.5039434000465,149.65729780838282,350.50653159157656,957.8834456985778,303.4008454884336,143.1746635697149,679.2072876583237,1345.2051414896514,425.8739623103942,457.0700543071813,511.7032125132701,204.86660793988528,118.65492145382618,183.28141075648625,271.15390874062484
2016-09-30,361.8298857879929,310.2541227839028,415.2024021255223,108.65406187114704,670.0829579257805,697.734472220576,401.1818607953359,272.5204898083556,260.7225368229764,347.67277133933004,169.20124073576903,155.57285407238646,186.6655738862108,105.0662915442827,194.38442528183143,189.55499892079752,153.74635399477282,350.80511863503165,957.8834456985778,303.4008454884336,143.1746635697149,679.2072876583237,1345.2051414896514,433.4921217701242,460.2053709510365,515.148588466341,205.45668453902823,117.55256427152064,183.3754142380198,271.030058671476
2016-10-31,360.25637206183626,310.99385560833093,407.16699888852025,111.2906816369244,632.9874305000823,685.0069840087361,382.3008178540616,265.1399880278467,250.72068963828937,345.01356910000186,166.06925076404323,152.01714006028348,176.14668944277514,101.56101982890311,188.12526021476435,189.69945562622507,152.9952992177255,340.49853372434114,930.6425224287112,310.37434179044175,132.9033751239671,646.9176660645973,1325.2263587693988,429.8454607056507,456.3851995549332,526.3868352072253,201.3056278530617,119.96568026875038,183.4940850305712,267.2472302203179
2016-11-30,347.4346447018064,296.6782641870172,413.0216996312828,107.1003051181882,619.1092817725422,710.376120615947,382.7218068462958,254.574645325317,238.4933398947881,336.8533342436295,161.34985366894583,146.5559074020933,180.01988954811117,92.9849153022176,182.43093562095265,189.8409398035463,155.03554576349788,312.7699280191958,1010.5509263560356,353.63522873788094,113.08658570247948,719.0571816417424,1330.9500900500836,421.2547435989568,439.0798589546088,484.008124705466,201.0313929670376,114.62339023589514,183.56097337769765,265.8945334092112
2016-12-15,363.9159833911156,295.31073694439715,423.4421152534806,109.19813648561598,637.8055215575968,731.389098173999,392.284965420799,249.6013612854005,234.13285002341323,333.95176568980537,159.3022941644152,144.1098159761835,178.80976409481963,90.04635875579864,179.52066338403898,189.96235890462896,156.57146170245014,300.8531058384439,1027.3380499397067,367.42095228866106,114.57863725139975,739.2048195474382,1346.2215972170834,436.25138839915473,461.27681680899246,512.0327174142569,202.620697371364,126.47057315545251,183.52383460183188,257.274515560456
2016-12-30,372.4535647805557,297.33345611722496,422.90462307881137,109.5790602124597,645.127999724978,724.4176183260387,398.0545128216115,253.9606928475724,238.23032342694023,337.3278260424313,160.9665947211188,145.56212676193329,177.7705715379551,90.97463071352074,180.1572886871936,190.0866259477457,157.83005824688456,305.91842175419976,1027.3380499397067,367.42095228866106,114.57863725139975,739.2048195474382,1346.2215972170834,445.34357486111634,470.6843929448629,518.9324451922082,201.11821430241503,129.38490316037985,183.7087448389136,256.7438693695357
2017-01-31,375.72873899240005,313.6044471104132,433.1114737466165,113.19451900664656,670.3691309323385,738.1572375494169,403.35699977862754,261.12921919637705,240.93788547444683,337.9900663947159,165.70448953462449,149.36649263908194,181.2667716685174,94.29283007446357,188.9505079812343,190.34598858848327,158.04386802130054,322.77259397494095,994.2301117607994,368.2829075731995,130.74328505998415,742.1205559980704,1416.843066143637,446.5508376799678,485.4192641226066,532.9078741434788,207.63071824178832,128.59132446991916,183.7739638661468,272.5085335538706
2017-02-28,378.6122395855895,323.20453532076925,445.1275146924143,113.75606167140296,679.511338378587,767.4663709397512,409.1862268664567,259.7054172015148,238.4570324865757,340.261823891857,162.86761992379215,146.26078995936595,178.42406501253052,94.29810786415436,185.77459492979912,190.5303069540998,158.37381476955446,332.8285790455888,974.1618685675924,387.4368515627398,125.42026205278609,756.4423303454233,1478.7481804949066,447.58537452614667,487.7875366281391,535.4350694167706,203.54146345005864,128.13810600602037,183.80907701790736,277.8578224459988
2017-03-16,399.40378458159006,332.73965228834487,451.78033368869393,116.00606925350483,704.2669060684225,774.1088828125661,418.13504469567846,258.87865650815206,239.79264090492444,337.44900919967927,164.33354349198615,148.84908388784683,178.18986426210589,93.8395362737987,183.3347692412452,190.6200678987093,153.2464833331845,327.00879765395985,960.1556422240444,376.7041180197766,125.50243654758746,757.4329403053727,1509.022278143736,470.0991602232317,506.94156792066,579.9368469368362,203.33929198162707,138.67910628786225,183.8406719132227,284.4791485126294
2017-03-31,402.97434788957366,331.36351439909123,449.8689884652235,114.69989508702696,701.5432870914278,768.3616785324268,419.4874338927481,258.4770251681744,239.0693875864697,340.0826093635326,163.28028471399514,147.30746369333286,180.94828465006384,95.45125637232888,181.50895544368285,190.7340428143071,154.1587205309117,333.03119168221906,960.1556422240444,376.7041180197766,125.50243654758746,757.4329403053727,1509.022278143736,476.2604990255496,511.2939321791212,590.8791266717308,203.423626091714,139.88637834534455,183.72265782481244,282.2410757340619
2017-04-28,420.1480594245395,338.6175927948324,456.5301020938282,116.33958057879758,728.0011873532819,776.2526772033488,427.0990516547701,260.72413271747627,245.59573445723936,342.7076755022276,164.49312544834692,150.5923363167068,186.7743495523189,95.35896659101624,181.93294784250003,190.94618145525945,151.8376758333406,338.117835243936,931.3631817744748,373.5324933061307,123.75915087443364,765.7392553036337,1550.6377519551982,502.31979500747207,528.1392809007917,621.8232392506831,198.56259131117176,144.38619136713325,183.62886329547152,287.9619584112922
2017-05-31,437.8287737917104,348.6286436854263,466.1877607897898,119.85390969463754,768.8240438833245,787.1766827228321,446.0150540720768,268.5695012774482,254.58646077497488,345.3446892761441,168.92812042757566,155.35541219012873,185.96311392676904,95.96353371288514,185.3216288068696,191.1527215748669,149.82088859948783,338.28845641162457,898.4502455361859,368.9947158081732,126.7425560997069,750.1609881418491,1610.7912071645335,528.7807728863496,552.7615383933153,652.2184465116871,200.9747389203051,151.61668796951523,183.4229521686343,301.11567236836976
2017-06-15,431.2567663819003,348.569151945049,467.75597017075694,120.79810118419226,749.0676227035012,794.7148408069279,436.6154878543742,266.5029080751903,253.2852549351946,346.2236938674497,167.57668896891818,153.96774350015073,184.0490973497489,95.83037731711326,183.87498146952373,191.27856378323705,146.42053715580354,334.3055185283934,896.8308815945287,392.7123886375711,122.77061438283138,776.0929804682679,1572.175758024327,519.103274388923,551.2283122011394,637.2887725837351,204.5437210059862,151.12145328877153,183.2551762289381,300.59786666586973
2017-06-30,431.70152237779007,352.1386563676863,467.98140954616247,120.66711854340198,767.3149417307588,792.0898693778728,439.7293816317669,269.13857033656166,257.3339991621835,344.9982078547169,170.56735621531587,157.83064632135148,187.9804331765865,94.58135664203272,187.43541795609585,191.3783793137713,149.53295453531814,331.00773127166184,896.8308815945287,392.7123886375711,122.77061438283138,776.0929804682679,1572.175758024327,522.929035241578,548.8194179338614,639.7412303248348,209.4354970502029,153.1385947743,183.1799716027179,304.83533297946894
2017-07-31,448.6961891213868,373.1290645021202,479.1813459830853,122.34213085508934,772.9269917872434,808.3774242975779,449.9565674127504,265.82785517611285,267.4225049481584,346.4831282322622,168.85965254616485,163.51366398687222,190.77785818511904,96.40059024171104,199.0854365409633,191.59261677728085,152.91403901560068,338.4270861103716,920.9093820882796,399.480127871657,127.07387110103988,781.8582631230578,1637.7519551970015,539.4240434293719,559.2240949964873,668.3380418657108,217.74969767061216,165.92554502005748,183.21964327967052,324.94042105834694
2017-08-31,448.0028570382799,381.4524286525374,479.85609249475584,121.01216272075148,768.3854058181963,810.8520490658358,447.32138638693,270.9247249486934,271.0632474973831,349.5895133898856,170.20496206114743,164.3934883810002,186.6497639740828,96.64476984118726,201.86143462009736,191.80956880569548,153.5304034466455,352.28739002932656,871.3110624092506,393.0534634168292,136.2189676912825,771.9117762545295,1671.0532158981582,541.6365979148818,559.5242888087053,660.0992189624044,217.92230420605995,168.2961596174355,182.9665442168512,334.2032528968912
2017-09-14,462.1640951754442,386.0912188298507,485.9377169155505,121.7173366227833,777.3043590452346,819.3361382241145,455.5752913642064,268.6894692644433,270.5761599354185,348.7821946099099,169.36036573369296,164.50665218523756,193.47141869402844,96.41139722511691,199.04840309579905,191.90674805812216,154.3900132906366,354.50279925353345,959.6723765451204,413.2751197588301,127.49050102372716,820.0859351335585,1669.1288579675831,556.969965400016,582.501142643395,664.5999687329721,223.71313838135907,173.18663773925414,183.31529749775572,333.25312526782926
2017-09-29,467.36210939610766,379.93538927291655,490.6261050414788,123.35969389664982,781.2901714873884,827.5782843888355,460.4503725987285,266.170958974305,267.8951077092256,347.92537848401594,168.4157046417507,163.04120707689478,193.46867526934685,94.460495049811,196.8780446359121,192.0111853096383,153.3015190573458,341.1756864836054,959.6723765451204,413.2751197588301,127.49050102372716,820.0859351335585,1669.1288579675831,563.8916808572851,590.6878428167687,660.3361132793805,218.32993821525284,175.25912902207858,183.4185033808361,330.92658397269213
2017-10-31,471.1052441975354,393.25449404291066,499.8981943022,132.09715003058363,765.3587825520085,846.8902113826642,464.8898189792161,259.368841423073,266.6636897967228,348.126781477752,163.3602735098277,160.65259691749773,191.91349782817565,93.5091560993218,192.04419618590387,192.2415987320099,156.5888554888544,338.96294321514364,952.347086254064,425.4036647625619,124.79496823247148,827.0762982824193,1745.1113907186748,574.1978887565966,600.4127238522055,662.4666357721001,211.5498616071612,173.4898900729042,183.7788226362992,340.0972258575821
2017-11-30,468.2008724418487,394.04354238896735,510.72976175196726,137.73392225790283,782.6852762467579,872.8641208191182,464.9174466108104,262.85497173135394,273.03859039955734,347.67959855945674,165.58189683089745,164.1567971069434,195.48693873181048,94.41173341167544,188.7093924739761,192.46046579216627,155.86652275910032,339.91202346041155,969.4139952307966,440.30529601504566,124.49784898693696,850.9126400933395,1781.1166210248452,573.2983634598769,604.1688881899329,657.2832494447711,211.65006375114208,174.31325205466598,183.72011225116876,351.26088628711614
2017-12-14,461.7201029036568,394.2658536293246,510.97126652050775,137.73259478257654,783.6995570901175,874.8970176166329,469.3965771555288,262.454674605952,270.66853641317704,349.66802642134206,164.60673070956886,162.39250658175516,194.15962737767725,94.53351099051628,189.23148805298987,192.5706686548789,152.5502858824892,334.0335910423897,1018.4951358499244,448.9304098622662,129.22384201279672,847.4786003567542,1790.3609404682616,566.0252382495052,599.7890945478263,649.3080055498824,213.4276557024617,171.10436612456505,183.83178868148872,351.2343685531338
2017-12-29,463.935699931367,408.1884864497253,517.6366584331539,137.9930058196757,795.5069296393681,882.5692686684669,487.702579463267,265.8063197338138,273.7138767265042,349.27546126406,167.044506467033,165.50463131942206,195.3283491177646,94.2761504660624,191.4693390148637,192.69784553396968,160.51985121622687,347.32071447614067,1018.4951358499244,448.9304098622662,129.22384201279672,847.4786003567542,1790.3609404682616,572.8966488461537,604.343418939271,654.4330797423294,217.4118437923936,171.76228961416555,183.803008065665,360.0551673141233
2018-01-31,494.541689831385,442.2099340849581,544.9679085040949,144.5123473259653,828.1147145891299,933.0997993684762,502.3049418456609,275.0471921416422,281.7444550598755,345.2525218044344,174.62112330739984,171.074933803754,205.2920459300298,97.28739589968868,203.9159287951056,192.99901620838548,163.70764167016011,358.60837110104075,1056.6646461396658,478.0014737921954,131.53065978405775,869.6265299482819,1946.127846446107,611.3966363978001,638.0487139210148,706.5977447637566,222.2357541211585,191.433680776789,183.79702808308323,395.32407300684054
2018-02-28,463.4051838200418,421.8152261403546,522.391316305764,141.39465293899502,778.9333974950129,898.708508639007,470.42607465190446,270.91538677405447,277.0921178543541,341.98057655873987,172.0690538454347,167.99987543938488,199.0996452047289,99.56711001077583,199.07596400415545,193.26245986550995,160.87637923806278,351.45561183684447,942.5037274254568,464.6902890647313,117.59972759530804,835.9525225215119,1922.4681124022416,583.0227093438134,590.9548272912789,653.5100431864039,213.5651802926884,180.85365283846653,183.8884184881588,371.4532786973003
2018-03-15,464.3148940237026,429.5561974639204,526.7239083609032,140.14799063920916,780.9110472129462,910.7812777773072,471.6819807708114,269.24916265662176,280.85508382842545,342.5813719298846,170.78760638675635,169.50345425567616,201.72768512908297,99.88046083303338,203.99207691974613,193.421901394899,159.4828247509119,350.8664356171697,958.8414987111812,444.6428774469167,120.9561457078114,846.7650919371305,1846.8112402240167,582.4451252457436,592.0060653175718,649.0032847426756,210.08778935582748,183.35500378178185,183.59238233093345,379.41708352269444
2018-03-30,458.17992659301234,413.9724926293013,511.0050562332426,139.03014320615077,767.3930445118875,875.8693609420367,469.5388914287436,269.5843617716087,283.05859638947646,344.1738210244245,170.2671476412949,169.74850010277177,202.93672473183508,99.93185115331691,200.7283427559128,193.5979959176273,159.87654871598158,353.367102106106,958.8414987111812,444.6428774469167,120.9561457078114,846.7650919371305,1846.8112402240167,573.364390317727,581.0033084077814,644.9063819586851,212.7079172676205,181.2146191030424,183.51277919560596,361.7504213827812
2018-04-30,475.1221720988333,412.1407732545269,516.8770447360091,141.5302997695976,762.0142595130858,879.2301506006246,492.6063518672315,258.30550004132846,276.70751647625923,341.61361347693264,163.82001577469563,166.31205811259005,199.40437598530497,97.12594767565837,196.54187623184464,193.9805939570595,164.00850957550225,350.6771527592652,1049.4919660630062,443.0005282380972,122.44994193814998,854.0852844497796,1854.387782794268,602.5737749530629,593.684197027678,661.5272663435475,213.947199054033,190.5516853435164,183.72637470973504,370.9452760628963
2018-05-31,448.3139027300231,397.5371165640178,520.1160550030178,140.52297325476215,732.4759417457766,900.4036333776357,489.1456693351689,261.5497977472372,265.98023723581866,344.05093106214485,164.56756567940147,160.9304437252046,192.7316083484837,97.58082330850084,192.7640314478942,194.37480563077887,166.33196264349854,346.17701946147787,1081.0483670622104,439.00958258732,122.29937593175168,905.9290754680998,1959.669898601141,580.0702342953599,574.3362252558691,607.654744053115,212.3372025459381,169.74256998366366,184.11469228896723,369.57210648959335
2018-06-14,459.7903960718905,399.869036229596,532.6805021133862,141.565804174881,744.2771361746516,926.8619367291134,494.3124123143413,257.2928334166028,262.97893385148063,342.1222413763677,162.67298515587703,159.19584271337618,192.2393067955564,95.9802128365628,193.85984080319423,194.54866309581536,163.7040737139746,347.1740869101582,1087.907348364832,430.59022580802144,122.12002268195164,912.4202070969408,1981.074679890461,589.8407141029321,590.8636007596851,633.8642310325345,210.0861872723851,173.34904043241102,184.10295809786248,370.17361215316026
2018-06-29,447.146072335493,381.02033074874447,519.8679145286172,138.95688618142228,742.0577617380825,905.945634782903,484.7520630294541,260.01027923241395,267.10108531789064,343.6276434142929,163.67451324975067,160.7917689840375,191.52880950693145,95.86316607476144,193.67736317012097,194.7387533520485,160.51690765237385,333.9376166355647,1087.907348364832,430.59022580802144,122.12002268195164,912.4202070969408,1981.074679890461,574.2029008296681,560.3898364922997,621.2874691583285,209.78451487615675,168.68919863626925,184.3180251273177,352.69967805979167
2018-07-31,464.9516303347188,389.39066206261737,536.1052248325589,139.1366796177167,790.9991211428664,939.6591803736652,489.0631101516794,258.39365262056566,266.6954420771059,343.70957005581266,163.618585477402,160.81369319007115,190.4657934598774,94.91119335896428,193.5857445281588,195.1481374868731,157.09104532196326,326.3529725406568,1103.7279405906554,453.2828206323659,116.6987741109039,928.3226942795924,2035.7511163743136,594.8450940899648,583.4087199735777,640.756372266741,212.1515654780204,173.75766924475911,184.587369258218,350.99504050364874
2018-08-31,444.2772288585937,378.861406801895,542.7383986470159,142.19902361502574,790.7774524443616,970.2782598389864,467.0204178103504,265.8772510019238,263.9816883899536,345.92158937684565,167.1370094812704,159.53018614274828,188.1959854110717,95.61164050668258,188.54320366517288,195.54640231079424,154.3097342764629,320.2212743268471,1066.3977864800977,459.5630453721862,101.82920331911502,968.3431122878268,2157.977450472456,579.1304065085967,558.9841061979993,605.4682996508556,211.91252947061835,157.32165727838225,184.8790806004422,343.6379835325336
2018-09-20,452.4126566999918,372.6132084901645,548.2130306054484,145.324058506266,802.2110114378095,981.1003411582446,474.5475009090724,266.61304108912606,267.87239191727576,342.83909948966544,168.80002190260794,161.921916661319,192.7489996419281,94.36493647916132,194.16728744341728,195.7968103426422,154.7600995459774,321.8288456411633,1092.8587019874903,449.3474849999461,101.31626698213825,945.051998608883,2151.7158858214307,592.8102891954322,565.7516848811676,626.7426800155971,214.36734238592624,168.54041491701292,185.2341973610728,340.1760607872733
2018-09-28,445.6503811168316,376.8512122059887,545.7604387947825,147.42530798756255,791.2517619851521,975.800959983746,475.02704772967024,260.29763633890934,263.4025470264916,343.6942088105277,164.8724649618545,159.54104502070234,189.293055139844,93.3584188569263,193.9984512192672,195.9008002041353,157.2688187389057,317.4833377765938,1092.8587019874903,449.3474849999461,101.31626698213825,945.051998608883,2151.7158858214307,589.4206607654587,553.872332883212,605.1015152234902,214.3691992886112,161.19013403319877,185.66686468501365,344.7247971759107
2018-10-31,408.91933396112415,344.0336895273384,505.6864506744421,134.99878653738656,764.6460399394994,909.1047770619756,442.8698599792037,253.88009199572352,256.69794385853936,340.9786820051547,160.3881424917751,155.4658159999387,185.5985677742105,93.9771727740387,187.66070751172364,196.3407607512604,153.87373003059506,323.8496400959753,969.1087748020024,428.0710919764349,102.5344035483872,842.4032668813176,1966.2373868206168,533.0240928954164,504.6663966354018,560.2885217278159,210.7092547262339,144.5195514430619,185.70162813816611,309.81429731388846
2018-11-30,406.2557448448757,358.2115106025152,511.4309637751591,136.914677504995,774.1042061087489,927.6309395819752,435.28786999089135,257.4900770186248,257.46698926200264,343.01319360289494,161.99255330685654,155.5064846373745,185.50852319229563,93.44222990144571,183.901699638895,196.76289338687565,153.00725187094685,325.38523060517286,953.559489623996,440.0569045997162,103.80383374833389,855.7938903036899,1964.4709249253708,524.2723317443889,496.559154430585,573.4740040713061,208.95114128693936,145.85144740077692,186.42370860405495,329.86182357279154
2018-12-20,388.9553053387365,345.8207900968298,467.0242089758411,127.48838802566496,728.014196503563,830.2019013434691,415.7187752932677,262.1551206175212,262.1756501914457,347.8605198928128,163.56641255489018,157.2192985936648,184.27931985486785,95.35932354864332,182.56779601067933,197.0667827444398,146.2486508665672,335.8731005065325,834.2183019655325,390.4323778849208,115.44050987203428,754.136890404658,1791.0221301162028,498.4590534672084,473.3078344149472,550.5063204905464,205.82517984587952,142.79378135925782,186.50268028747084,318.6612345234696
2018-12-31,389.8008688660087,348.7217952262802,472.5427588296373,127.17995835198916,733.6029324236208,843.8743047736755,420.2900477816496,264.03767216819455,262.4839994238756,349.31471777978817,164.49594022663757,157.4740430197118,185.7401658592077,96.73834312437688,183.5999869331364,197.2371907707408,142.46866888474597,341.90615835777226,834.2183019655325,390.4323778849208,115.44050987203428,754.136890404658,1791.0221301162028,503.3847567286716,471.79212100284445,548.9244788029224,204.01259188199555,141.0922616817175,186.5966521316912,321.3585815639518
2019-01-31,410.59537933411,379.25514818886575,509.309371450226,132.98189174644446,771.0969496827779,911.4989799114508,447.6104476660081,262.2494475817314,264.57233789245885,353.0253119186197,162.39947808164567,157.17768053701135,191.023874639884,97.43983596413835,188.38023119494875,197.7076562588375,150.22817079806245,352.2394028259141,928.2770641055577,424.9365406083604,125.44835142362052,838.9770802248225,1955.036636814449,530.6677119828161,498.4328780430101,583.8123181582671,212.31556607214148,152.15919858843475,186.53978839363288,346.8656956938857
2019-02-28,425.9026193960587,380.1076022055877,524.6242313276925,133.91984618354903,803.9413738139124,940.7654473575046,463.1989753667005,261.2717679290679,262.62397328435173,352.8204953148203,161.66379071247246,156.10156094367267,193.3897202019097,95.2377412416345,185.6404023783671,198.12899324184244,151.74910132103562,350.1252999200223,949.9901062761544,435.2318086735792,122.92990379632111,882.5930870457835,2012.4293785310747,553.3519005762155,510.3254648025868,594.1106514861958,211.8651890287433,158.27021364278957,186.69941683765452,356.11919142847927
2019-03-14,429.1576551644272,379.3756972417355,527.833992101765,132.93531671138615,816.5460928307729,949.7549247843418,470.82182855518295,261.07089105714624,263.0704254904962,354.68261960436274,160.71970066773173,155.1637222689047,193.1453773755021,94.9662266478296,185.5222701776934,198.33202042408385,151.81154055428183,345.55318581711646,970.3890049338884,423.859559919507,123.70611255931767,864.1215208050529,2093.5188611748467,561.5669278557166,510.4900824337683,586.2985684339084,209.4249355831797,158.99984599381477,186.8082991361113,359.22267293522935
2019-03-29,427.827503194375,383.29745539029096,531.5148879919058,134.5132727855571,823.6421369597423,959.0462806978924,470.2689423764098,265.14244354674935,263.27358893053014,359.59480448548373,162.06296357041418,153.95857057865652,190.215540703554,95.67901980753632,184.424714488912,198.54811968800425,151.47820424765166,344.5427885897104,970.3890049338884,423.859559919507,123.70611255931767,864.1215208050529,2093.5188611748467,558.4979014079306,503.9101592406288,584.1731376437937,209.3608575970516,160.88656234218112,186.9457235949406,361.78544950477675
2019-04-30,450.4763289216208,391.367196858047,550.362038873014,140.48288687086318,839.4275772567555,997.8777078906596,481.0830554196547,258.12982989137294,263.49480330981265,359.6869719571934,158.13626048118218,153.86094335280035,190.30767293150527,95.18713373580444,184.56544681195672,199.01228107003044,150.83962928935216,342.18341775526625,971.6438000300416,462.0191545163012,115.45429285523872,893.4763341822139,2208.605333925445,585.8279097979248,539.4927124177009,609.511110879882,209.0890921255221,166.09777475413742,187.38947815612863,370.19232049542796
2019-05-31,423.8208751248958,362.9685014745255,518.6056461125689,133.783661347086,839.8059901996394,934.464432348235,452.93379069108073,266.26489154006794,264.51629380043875,366.07212958063815,160.9993879922095,153.18095312991125,184.5989061399182,97.91943463565812,182.0790160910533,199.45270630427623,145.76456841109973,348.0618501732881,863.434679677316,428.8737299080588,119.21251109837392,823.9877940698026,2026.4845928009288,552.689306919958,510.3986666412417,571.3212765500305,207.43168729945668,152.03935140279276,187.8610970837773,339.32587697785993
2019-06-20,453.4956236237667,384.3299502002599,553.8140902228998,140.68556224181583,896.7349231352827,1004.2852184513274,472.99512691955226,272.2946683970395,272.17536878707324,370.2111317824167,164.01733597803687,154.846360402719,185.68849285728464,98.8130028624208,186.50635768432184,199.7330481636928,148.6874381182597,370.1519594774738,943.7500441763656,457.75942711013033,142.0842376832846,882.2251141501285,2182.421730441864,596.3805165239926,543.706433835862,592.7559649380894,212.7371298073186,165.83810088042014,188.67234656726905,362.21643415716176
2019-06-28,457.4837254089479,385.62232998135073,552.7790947325605,139.0519106924235,894.5321421383603,1000.3218569844316,473.3566234185215,273.90858328036785,274.4385633037158,370.6685555309018,164.91466446883987,155.94332562004564,185.6734777990837,98.30417316066196,187.07674301247232,199.83690934873795,149.67906234111427,375.77979205545296,943.7500441763656,457.75942711013033,142.0842376832846,882.2251141501285,2182.421730441864,601.2409729635079,549.5259465201189,597.9579228549187,214.39572148218883,166.39732543571174,188.85961658728343,363.3471436975516
2019-07-31,445.1793965134352,380.906826770393,555.5171965190497,139.46400105475897,880.4697988280807,1014.6987564231712,463.3518655891757,272.6739711783972,271.2141403176794,371.4844083360358,161.86743773887687,151.83049838655126,177.89945212793648,97.44184610479144,180.3175863999697,200.2600640042839,148.672363503376,376.90749133564486,927.497056343084,468.9741141455236,146.80586900559865,887.303813231318,2233.994522981276,583.9247043323942,526.1669596567126,570.2517034546727,213.19142703907164,163.70426310555573,188.8479836817208,354.2535904927697
2019-08-30,436.8205534595966,362.3352275539305,544.1543360408771,137.42914599653798,881.5658326589385,998.625547080684,444.6280003528568,279.4346287446477,274.1572395216208,381.1107887146052,162.35799694274078,150.54402293806092,178.07552992211234,99.71691036029908,175.3817248036944,200.6388892920253,145.2238446511875,405.3265795787801,852.0567403594944,446.2462996428861,164.52677263929638,843.4948450138551,2192.4111218019902,575.1706544276171,511.19538888901593,555.6461032946036,211.583115999905,161.8020113258518,188.8598373678037,328.6829740992717
2019-09-19,455.1421671722839,374.73612427836457,561.4594711167817,143.96715418700265,895.5197957559143,1027.1829471670317,468.05892268377136,272.7854789455642,272.55665255229474,377.0281110788716,161.9098355895958,151.2537625707543,183.43778849871964,98.09784870063608,178.3859742289569,200.87631197768755,149.8973320607621,399.63476406291767,885.1053301216916,466.97215348466,149.51919754732089,861.0442352782795,2210.5518959859887,596.8824214283528,536.0423740693442,578.8926791209925,212.6079139820203,168.75840224483002,189.350202509871,340.07390766577123
2019-09-30,451.727074263332,369.2519251588477,555.7345158859683,143.0422512044996,892.259136975829,1017.3101831080104,462.71860638445,272.50430335674235,270.49862004818993,379.0813975319601,161.05891748104176,149.2713411349608,180.09746167832716,98.03590080976328,176.16423280343471,201.00950413232388,146.9296845034741,392.5593175153304,885.1053301216916,466.97215348466,149.51919754732089,861.0442352782795,2210.5518959859887,591.8721023127218,527.8326573155648,578.2332601796667,213.01950062153347,166.80106742734853,189.29234725838157,334.96348268416114
2019-10-31,467.24762635706855,384.8223226304877,569.8765147526598,150.8158152725904,915.151392031656,1039.3449423078546,478.0009555665208,271.59537376488663,274.27001229077143,380.2232500981414,162.79561096264973,152.69099068330985,189.7120254565573,98.05847130039922,174.59333088046787,201.3764581493121,149.90054322132903,403.3564382831256,866.0714450482866,478.2443042056891,157.79125555585196,883.7216868416034,2307.149729849754,611.2215667909461,559.2019338107099,595.3300937524863,214.5992675136216,175.21371092245582,189.6775557255709,346.0637270298226
2019-11-29,474.5463911824966,384.29237646949525,585.7477261793452,151.20001106876376,926.671247141051,1077.071964919112,486.3205151108751,269.78151931574024,269.3011622697033,380.02867432453206,160.45248211278198,150.8076973411863,189.71288029976608,96.72752413514722,174.22838526989952,201.70845744704,146.06231435477952,390.2905891762208,880.42528354685,502.360515499981,152.14372180485222,920.09939755657,2401.803468778528,622.7541928280828,568.3558847178964,595.059647627813,213.0100347348393,177.6648880965596,190.23064609565904,339.5873099539027
2019-12-19,483.9512956145529,409.215501757291,598.4866225042992,155.07589353815808,954.6154944826616,1100.3855172822464,504.5052691541607,273.61627636363784,270.5698042476797,379.2350099848096,163.94246707949313,152.18181657476114,190.9312832476596,96.81805192153034,179.24726515070847,201.92081162863,152.32193668661728,394.2415355905104,935.0343052652472,515.8607742898602,166.76223294054938,946.6304677070128,2497.71297461328,636.3333483040583,572.6068952713199,619.6994726066728,215.77513445059785,182.80217949414012,191.3294313406891,359.9996038465727
2019-12-31,488.6930424383879,412.9626986150025,603.2956757025785,155.05860201431477,970.1872146804066,1109.5801975839556,512.4320995163228,276.21117208464835,272.04814322873085,379.7641195446245,165.92469810330633,153.40629409600172,194.6277620597658,97.49375018109042,183.22925005572057,202.05071401744445,153.42586233041035,404.49746734204336,935.0343052652472,515.8607742898602,166.76223294054938,946.6304677070128,2497.71297461328,642.1619266143597,578.9124445727192,620.8627834846333,218.1456573851141,182.7236975744364,191.54188492159656,365.15743533428883
2020-01-31,470.6142203590695,393.7124238866043,599.6235983162783,152.47446353678464,974.4127349743254,1109.1450726760174,493.3491722079383,282.5639133465356,274.5043980053649,387.072658690198,166.3683128708804,151.71779185716497,194.008327679592,97.71802143249184,175.21368884889858,202.3734619704881,142.1385437386827,423.66302319381634,831.6747983922489,502.5440285605602,165.98131353772348,916.2704600783064,2572.780203784572,618.0821109121165,561.2036560285745,604.0234262120873,214.4039722106136,179.2215692892201,192.55638152078564,342.03169536315
2020-02-28,428.2399928194033,372.9505892809884,548.9402515805652,139.61728070653575,899.9521076640908,1017.8411370812762,435.8066144572239,284.2286479898219,273.82180600519564,394.039836829439,166.01601507038265,150.76367873357626,188.4251283603306,98.12511129723174,171.830511807148,202.65269237612696,134.9744445138212,422.7379365502546,711.9605635430374,446.3185926667508,152.02054729672105,839.1363855637952,2424.16302765648,561.8705881286512,510.95288792580936,559.2285147086106,211.9776559813012,168.5492766735688,192.12402866213944,339.4406358901404
2020-03-19,306.1750460384342,284.6476252678258,434.9752339741165,106.52215168151992,795.9710173919924,831.1617157804728,306.74644305563714,262.0154101902031,253.6298814840096,377.42750345628025,162.39790307423905,146.1510824796028,168.89915095493566,95.61398541800034,143.64485561717754,202.82627566563,116.86207173375897,392.2260730471886,460.552192014449,351.1865342628802,135.83356756598258,656.8215219269215,2240.599018084032,395.6152914648852,358.7728144998237,397.5747248611263,195.9871891168786,114.9924100478811,193.03436205559208,283.5783391697032
2020-03-31,359.0183614124953,315.5081828024864,476.2920199525209,126.4932105504488,868.6916342037351,892.1247470942284,365.4256509118612,271.26854383077585,264.6811153572869,391.72028879141146,166.5679303853359,150.79191607409865,182.5631186666573,98.41061828065187,155.40112145467373,202.8991781899801,117.68537762356264,420.469208211145,460.552192014449,351.1865342628802,135.83356756598258,656.8215219269215,2240.599018084032,466.650409156477,427.1990851258739,435.79832269320985,202.3081342131753,130.8106466278121,193.3748281247572,308.7615947029078
2020-04-30,375.3592563328425,344.4000334022932,528.3241612162213,135.48103672540498,906.739401306629,1006.4896255724764,385.2153882380432,275.1757778477968,265.8424848341233,398.68405332058927,165.7429998916942,149.6418008688536,185.3064096907569,98.72470650854936,157.96171259097625,203.09785030195783,115.8749074561363,449.6134364169568,602.6153449275785,384.8287417017814,189.92026174620125,747.0388278717031,2581.898699824836,482.0758076689107,463.5778565377448,442.9284057640593,204.08708127179364,134.78660338495655,193.59861938053635,321.273380128902
2020-05-29,398.5949935597994,347.04585027696737,553.8465702568468,145.8958129346632,932.6370230584712,1054.4266763737326,390.4515189950232,276.3834800338308,270.1010462193166,400.539350390005,166.31037295285785,151.69310880575955,181.84704515597804,98.1288027935008,166.4821498434647,203.1340237215788,120.90438769411897,461.2823247134111,615.265036032042,395.296400823908,200.5959673447084,795.6527592357832,2744.822737029089,505.2769175003657,501.3939203579734,460.6263208597271,206.60444075529705,141.4801056601488,193.78816675893668,301.05050258761776
2020-06-18,428.8820899991851,371.9783689974543,571.7245588347015,150.27912463767456,976.674504854371,1080.1180085839808,402.5572515318812,279.1594189761657,274.3077538652888,402.2051921009064,168.0443663186188,153.04388254256742,182.88512426612868,98.91250211723562,169.60137496901692,203.15823052607223,122.02650991445807,459.32551319648223,608.5671432890618,394.0321997399181,212.04509021594268,823.7768827759515,2919.608713887452,538.9852699838693,536.2778630362469,485.9021816653966,209.39075755513392,152.8787082806186,193.9063611955626,322.77928557340226
2020-06-30,429.0398388051945,372.55684789401766,568.4963752456753,148.6901596782311,967.3044294456548,1075.3963107502934,398.4602884728575,280.9100467902955,275.9446323491508,403.063715031832,168.73932961602637,153.42216629217876,182.57871948232977,98.02829816839504,168.1627972911046,203.1777134003797,123.66375580907852,474.7960543854985,608.5671432890618,394.0321997399181,212.04509021594268,823.7768827759515,2919.608713887452,539.2001642433427,538.9505177502973,478.2148705935245,209.78475619154568,152.76339400903814,193.94175447763212,323.34886010527805
2020-07-31,442.6381797665593,405.8487389235711,595.6940380802218,147.6948588096713,999.9910936905494,1136.0325751098385,402.81694277214615,294.06999845520915,292.27697965896493,409.0836163785012,175.00354727059857,160.80574453570193,192.6813793899517,99.966600807812,177.85780809104128,203.21916108953087,130.7218867352307,526.7555318581725,578.6640196124919,408.880074641323,253.7166314236207,846.5777398835501,3135.876939777468,550.4370724523109,565.216079292261,478.8729931922061,212.39988167627743,158.23502602110403,194.02545738139312,328.23316883481357
2020-08-31,462.83718866657904,414.8202499296777,635.4949145172671,157.36156482373107,1023.261520326142,1217.691298348387,418.7471630282244,294.5179748335904,294.59418846682297,405.78094864223664,176.68848096056823,162.88879800780276,196.88033997882624,99.8820583844534,185.59860275091475,203.258534801992,139.56283616837166,524.606771527594,572.9241798821154,426.4064987602724,251.86029039456176,894.2762264828298,3485.846100708068,576.8635054972784,602.1713220952331,491.76991346708064,218.38427192631008,164.90054783419657,194.09841574277425,336.57973779629083
2020-09-17,465.7327110966041,417.2053990471724,617.2605186851889,160.35377135259432,1057.2239991404406,1168.8816274010169,412.545233150582,294.99187998541163,295.0522884946071,406.4448957995529,175.74073753556596,161.6548077460647,191.04346995432576,100.99183098749845,178.96319680988827,203.28109085328447,137.80338777439795,518.3790989069595,489.4379142617056,411.5475018551959,233.4310461050389,864.4042316883,3288.189869982486,583.6271682883797,609.8797040106684,496.368334307532,216.41802962398813,164.5732109136367,194.15381917604145,326.57468857295555
2020-09-30,443.90881187381694,408.1665684401126,613.570891603127,159.27201310856643,1009.8151561509474,1171.4231293438409,398.5486140870914,291.29717957611444,292.22321802296176,405.5590639881207,173.29551992140475,159.882244084871,190.3356235442052,100.27734273814706,173.52383618701916,203.29834151252223,134.88560240480226,502.75126632898025,489.4379142617056,411.5475018551959,233.4310461050389,864.4042316883,3288.189869982486,551.155394844228,582.8681095152524,465.4019583425861,213.963423583319,156.9497091993842,194.19933947792083,314.9047918259076
2020-10-30,408.8725734346364,416.5760390568653,594.7495850501055,159.10003185042862,954.395543850698,1140.2705562657131,380.4068390257189,292.92973130782667,292.82699553916007,403.7481438495281,173.93682767858127,158.8144686742442,190.7488110765279,101.04826672840706,169.8536327308283,203.33137749301804,136.78562827248462,500.8824313516409,468.5218365440707,408.2034860846423,223.5901705651829,882.5089469019598,3184.2350677225986,523.8362121001737,524.5420502079329,445.0190794996467,213.9680569077658,147.16871395760057,194.2266743987616,323.60813260148984
2020-11-30,494.39442165539896,455.10398602567767,670.7952107666091,183.6665969015164,1053.4957642580582,1265.088929711242,441.0720305858956,295.6509736684881,300.6565688081909,407.70963832801385,175.38719526268164,162.54725161678772,196.28913664182448,101.3702977428462,182.5196508835077,203.3655202201554,141.59023807187629,473.72700613169945,601.0044593311655,477.18029918778575,205.81413499866724,1045.1765260217417,3537.843238842427,644.3092434904448,617.7395973335251,571.0115196940563,219.27664244759583,185.3795193611936,194.296393710412,353.9843675019867
2020-12-17,518.7487265774186,480.9954176667195,695.0243556598659,188.42632625591344,1089.2538486726828,1301.342622770407,470.9003207424008,305.05051113891534,309.8660044848559,407.0712932461725,180.12771154562878,167.17183002465012,200.1148250234148,102.54375555609494,189.26194427089047,203.3842467951424,146.3518539992327,502.6446280991749,627.9401621722382,507.1244404059249,216.10409153559075,1135.5856714944412,3718.523178644564,667.3902121818787,653.455273170008,594.6387712843144,224.14594035694995,190.28708106865085,194.29720837149327,358.5201684083794
2020-12-31,515.3867817031885,488.5602621273263,699.2347110281083,192.88422718800075,1105.4894234326316,1313.7292913559122,467.191475037161,304.63663068427,308.39845704133614,408.2711771834304,179.97906070400182,166.42276275423205,201.3287630498341,102.40132813099436,188.94864468420425,203.4004610392618,148.63302678643086,506.094374833379,627.9401621722382,507.1244404059249,216.10409153559075,1135.5856714944412,3718.523178644564,664.9558641221236,653.1145707520948,587.0048024489975,224.0785934725376,191.37434895912645,194.2986629885119,365.9152787886356
2021-01-29,502.43002061107154,503.5388733394237,692.2852934422655,191.77799236589792,1087.6094647109503,1300.4662778196334,464.84979628073086,301.70653348607203,305.0201545463806,405.34400655413134,178.83779079822827,165.28226495872272,201.9242883242451,100.98984505968156,189.3305156496737,203.45617016553533,152.5356572621286,492.5753132498013,651.6964855467062,498.65132727554766,207.51275682751293,1192.730291573645,3730.496138948514,643.4975365799797,635.3893488879113,561.822640081502,223.1971678977557,185.00162351547527,194.32433910186447,380.0444195881425
2021-02-26,522.4721563040024,507.3901807427955,710.0246306924115,197.3299387022539,1058.8931126357518,1336.3264960593244,479.8809513891008,291.3262829018763,298.69166320793926,399.491372100565,175.15630507635774,164.332984000522,205.22288413513203,99.18723492101938,187.16177907999105,203.49731352439105,162.40551606026253,462.2873900293267,798.3125098560133,555.948182856375,186.16972010130647,1267.0675477074617,3729.065206128343,676.1203928700609,648.6424538124397,592.5693596208166,223.9122813804985,194.9038813961644,194.27376759090745,389.24257509082236
2021-03-18,548.7443559719195,511.0661440692658,730.4503810728733,201.4648085213152,1094.5017109227704,1374.1425753638018,504.2286509722649,286.1959426392884,294.4973400470033,393.34516718155294,171.53369912889053,162.14897442662465,205.23418545012137,97.06910741437927,190.5468856820684,203.51908773693816,159.3277970546519,462.9218874966687,820.746211372374,588.2205301764075,192.70512222607329,1279.79402492792,3783.9834209162937,709.4376905227269,686.1560870399111,613.5533850302706,228.44015119457268,205.10178934182724,194.08572903229364,395.7630489671139
2021-03-31,547.648954522898,499.7267052389317,733.6486166736099,192.4977983497472,1085.1317248719115,1394.8518120328106,494.6735718702643,281.74446246617225,290.5203611210635,394.5023809930192,168.52599064944903,159.58698165998223,203.11980670894795,95.46093974185663,189.74684395134247,203.5330514076801,158.91873087798456,455.2679285523872,820.746211372374,588.2205301764075,192.70512222607329,1279.79402492792,3783.9834209162937,699.7371293056775,686.0944299425943,600.8574301789984,227.0915401229753,204.29751005707703,193.86479534892865,381.520727161183
2021-04-30,571.3683203836101,512.1690896244185,767.7927284887461,192.5344838390693,1131.915482693427,1469.2933876251816,516.124719319622,290.6274254070546,295.5741084380464,397.61900698083264,174.04890552174382,163.44348522899307,203.5855676054012,96.6810186390944,195.01777577636423,203.5669735829147,172.09412268417313,471.6422287390041,826.3927893050635,626.8732002693032,204.01955569181573,1306.6672649965783,4007.8405250043206,742.5633774120101,708.9748540919687,634.1665794822742,232.205539622548,205.2656652747604,194.050919399492,386.8252222027865
2021-05-31,594.5945512806541,524.046302476321,778.8531404787682,192.3763747784584,1187.7011207968667,1479.5553937711093,536.742303932084,294.3434823006843,300.4345278394457,398.9178856099268,176.6838080444247,166.1816728479059,209.47721973399663,96.43200489068478,194.9409026306309,203.60027940164807,176.78955302428852,508.3631031724886,874.3208749709695,656.880366174914,233.69641214876063,1309.3619933361006,3961.142772555698,785.8324312448441,734.787249579823,670.272920135236,236.5315693975037,219.15737444233463,194.22860726378565,395.2062162000917
2021-06-17,596.1219241437376,519.6619177677264,784.7093255241573,192.33271457122603,1229.9442896750825,1486.9731729409857,536.2995836721419,289.1193883515701,293.51551207731944,400.47107818873855,173.04476933235523,161.7863648746257,205.2570265738618,95.87668993385049,189.85668431492115,203.61950831692496,171.6046882944274,472.807251399628,911.9053794388558,637.4131524152941,202.0332358970944,1334.7296857646097,4214.617718895718,792.3644675452925,729.7639882933026,657.6475844666976,230.92462743179664,218.02121467862872,194.1521851969896,387.68012857300357
2021-06-30,580.5631514062444,524.9496375867867,790.4617840095225,189.5786117341393,1213.0257458159117,1514.0953380683486,524.5316706940283,287.1945843798471,292.4916092975938,401.7204594719145,171.5966119291734,161.08253698452955,203.9025597179902,95.09750535210355,188.65138665150383,203.63164064596216,180.06243923324587,471.9034924020273,911.9053794388558,637.4131524152941,202.0332358970944,1334.7296857646097,4214.617718895718,771.4146840614114,717.6497915551431,629.6220184709866,230.1955742803832,212.320355503387,194.1440321204665,392.45599729507836
2021-07-30,585.2315359525353,489.6209372353688,804.6212452600563,181.9356355092535,1256.6574780347437,1550.062559787346,527.5186694763865,296.57664468943,297.3093327042081,406.21277031524687,175.10796687380628,161.14110805026974,204.94832916160203,96.29222717013924,184.1849383574291,203.657756403875,183.37296737996024,483.65502532658087,835.6426639665713,634.6233831610352,207.82313565182645,1286.5342113824788,4333.345668961097,784.6399923673865,718.8632988312678,622.4644231811069,228.81451248313647,215.3022440709311,193.9902949646533,354.5518390176222
2021-08-31,597.7269930176642,502.4374933563863,824.6469324266885,186.89349307836247,1274.2383755503372,1597.1931903798438,532.6503566835148,292.82913724506113,294.47727468908715,405.4395876359043,173.23502758955726,160.28535412688603,202.79638025383323,96.02069697641883,186.68864614308592,203.68672106256355,182.83063803976447,483.50306584910817,819.5761997286636,667.2349515930473,194.2296248493737,1315.3123843073022,4517.598006562557,788.8417460095394,728.7613106212553,631.7847949704075,226.303226517746,219.719293364648,193.8733598035196,354.13104872589804
2021-09-16,592.0289523431702,490.86087035060063,820.3042121889208,202.28929267158065,1218.1764519917265,1581.1137165931568,528.3437976451768,286.39635409497976,292.48290065244225,405.7263308812234,170.82899010436114,159.70103286549332,203.36384134908465,96.2706143576264,188.1913513388597,203.70301600024857,187.7945570828387,467.5473207144774,893.1173663775348,654.8969421868362,174.84569088776348,1276.5305092161504,4260.723361211855,779.3720131133334,717.8652085556341,621.5892570342929,225.1304424849075,218.58754134907247,193.73582288225828,338.28984406999257
2021-09-30,565.9813816692058,482.4701865992303,790.407126748096,194.9196962517028,1175.1840441173829,1522.9080565831673,520.9683144270688,283.8149646698438,285.58056198911555,401.9286896857772,170.04861711731894,157.0633457429071,198.6860923475597,94.91764076450453,185.64856014849065,203.7148986761819,191.92687473797787,468.3950946414303,893.1173663775348,654.8969421868362,174.84569088776348,1276.5305092161504,4260.723361211855,756.4762320659229,688.5041972373597,615.9512694861919,225.20291066082115,213.1164893131228,193.65695426812275,337.06154345677777
2021-10-29,594.2989452459511,487.2287430433556,835.176226012144,186.77224904582224,1243.006756951099,1629.6057632886625,540.9318244098114,286.5051549618589,283.432876893622,401.8177473587192,172.84784896404403,156.7784901008209,201.86246382023296,92.6925894390008,192.4453803035205,203.7395142264386,196.8864230347248,475.4412156758211,984.9802370992916,702.6881919631187,189.6742616662225,1330.8334361712868,4598.961340142603,791.3831633553455,706.8355926649699,634.8149241940707,230.56000942298127,223.6797864884022,193.85155572644277,348.40495543687155
2021-11-30,557.6752202046592,467.3733746924358,816.8750365618685,181.14215536663465,1244.4919052961927,1618.314356582321,514.1928262574629,289.72464743223344,281.4714864208451,403.007390465787,172.21776786081094,153.69757183732747,196.187489891004,93.32274233443428,179.95786166058917,203.7703015308106,182.49293098680715,473.0791788856318,934.6782147649876,662.7527841134472,189.91188727539344,1275.3772283114756,4685.582118274002,764.5528726327286,667.2782437374789,571.4279080112124,223.5699386263512,211.6119313382759,193.41570919506609,321.7977946560654
2021-12-16,576.3582239181072,472.32293093461465,834.4957169138055,188.41281343725947,1308.5226987833255,1655.522276871501,530.0359077217885,290.1977920840405,281.4962040090197,402.2342077864445,172.0919557843978,153.5227742749177,196.51741894035047,92.91059200251348,181.0283701431872,203.7866031549331,184.8548287827022,479.6987470008011,963.4452401788244,684.8077173939611,193.71267574513487,1303.8670810101305,4741.307083117463,796.5413452525394,690.4281183452399,576.9878596923055,223.6698235200797,219.38513803701383,193.27958312504495,321.61032005307715
2021-12-31,591.8127725947838,476.14214410962506,851.7883663852627,184.5862891296223,1326.4284331879696,1690.8408746518562,547.8143439545418,289.30645882533804,278.9258166571065,401.9764802266636,173.25149304346652,154.06555489016012,199.56895543239384,91.76877780599123,184.5312411094224,203.80358537186268,188.926223585974,487.656624900028,963.4452401788244,684.8077173939611,193.71267574513487,1303.8670810101305,4741.307083117463,816.4175033915168,704.0312551891776,602.6792009853706,226.14581603124148,224.84894975662272,193.464285222984,320.82772412033484
2022-01-31,568.3260415862626,467.1291454424659,806.71952530256,173.07737746417553,1240.1477860366062,1603.3448745841324,550.609038071474,280.7928078823065,272.41771448589225,393.3161514960146,170.47371440985867,152.1116213242619,198.41446668643096,91.7413058884038,183.05666131991308,203.8421948288692,205.5116003175477,479.1175686483618,1144.712261501497,685.1858655187908,180.3895905625169,1178.3389613740646,4338.830089063235,789.9833751089087,677.3014914566486,590.2600061379246,224.95686720888443,218.397753842085,193.4789634567857,326.3503140584374
2022-02-28,533.9510981687259,453.16659053312793,786.3165633330126,170.27876620744087,1229.605694742276,1555.3384069687695,551.0632352444875,278.0682414136621,266.0320820743839,388.9279557596136,172.31735618595778,151.84363898918835,198.04547547681207,91.82405885979156,184.98022536189944,203.89292888624888,218.3144082990657,508.92828579045727,1226.765686775624,675.9064071222324,200.52897157824603,1190.9184738099775,4141.635210815882,750.5923203705485,632.2253689022352,580.320370726894,225.6460747716931,206.74307460941665,193.12456288953587,310.76227034212616
2022-03-17,523.0158528665646,434.43060624457024,788.0852408804906,165.89694051415444,1224.500743288287,1570.2030865085867,537.6338954347035,267.7008327272882,259.5913449583064,380.11060096605166,168.5323742277622,150.10487392328517,194.18147031245,89.03429658924321,185.2903071797889,203.9468472385544,237.0274465029565,517.9658757664637,1339.9855091677184,674.6514743746355,218.000909173554,1205.740601545935,4318.979596871688,737.021294083482,621.9881786168426,569.27127160743,226.57097659471023,194.0324105788129,193.05178992140088,294.9850089720041
2022-03-31,524.3427374268972,442.93166283006167,807.8957914781844,170.20850198807403,1256.5819370695124,1613.087439789378,547.5103704617746,268.1757935421415,256.73017929550804,378.1221731041663,171.15621975396658,149.72850694517558,194.16872011471145,86.7660354222524,185.54370013086265,204.0174355084597,237.1921076809172,516.5129298853653,1339.9855091677184,674.6514743746355,218.000909173554,1205.740601545935,4318.979596871688,741.3853938342787,621.6937679995943,570.5038497690156,228.8945760888057,200.7967118095755,192.7456215443649,301.2900298634443
2022-04-29,489.1112991363845,418.29268888117326,740.7811273540407,154.125695720016,1203.0465172079803,1472.423239394887,527.7889880557854,249.36236887668767,236.21830953328063,363.7730632029902,162.38501662751187,142.58379559563414,185.9342525704617,81.4122692733033,174.04506155070726,204.1337441482977,247.01353147383296,505.713143161825,1319.4424786408315,608.065892060857,200.94961426819543,1086.2402818133885,3742.738015937634,697.3061725687583,579.2447361350542,556.759675887888,223.0228258700189,187.00094708360905,192.46914033737497,288.36900769280913
2022-05-31,502.2854590045079,420.13458447469634,741.3421937468971,157.85876410179085,1169.0655244672166,1475.12456931946,534.9620437485892,251.2145353708695,236.8495632992313,366.1182133164928,164.38881128985335,145.10157975179504,186.56842641287523,82.05996035279227,174.32546754095048,204.3474948599482,250.78031201776787,489.8293788323127,1527.9249881976386,624.6654825405175,183.13188081578264,1087.8815755522398,3685.389682480944,713.3439108276771,601.839266629856,585.05229305398,226.8963164356988,194.43019171432647,192.580447791717,294.55847476248624
2022-06-16,446.8570893182727,393.6325797087297,662.0257762247917,148.85390360664422,1046.9424447653585,1310.3503856019356,486.5166198754821,238.5521645993689,222.97476006169603,355.76302718940406,163.14324489714463,142.64342594188616,182.97087949035017,79.85991740220732,164.42492453404913,204.49962021723283,248.9736774032409,495.1559584110918,1269.4795901162988,556.5765760638127,156.73345521194366,998.4114340846114,3355.7397675967754,639.1497460174248,536.2259998730237,525.7229851575962,221.7829112710077,169.49277223076416,192.58960088859493,287.9317885780541
2022-06-30,447.6189188067016,392.2165197305387,677.1256741571581,145.08650963909878,1086.4362016720129,1353.3622287876592,488.3873176049882,247.6908557860963,225.92054955762185,360.3748143849527,165.0947496685464,141.68894343523365,180.52243831835543,77.79170063342745,166.17105535213307,204.6585084693786,223.7598230293727,481.8101839509478,1269.4795901162988,556.5765760638127,156.73345521194366,998.4114340846114,3355.7397675967754,639.6610348030176,522.277986472601,524.4071082661895,223.3067570032983,165.3793541999186,192.76964897967048,303.4544626883177
2022-07-29,468.8260345301296,391.25291009363815,730.8869406689334,155.65150675819163,1130.5666183323572,1478.1482641563723,506.0021274174367,257.0282611367519,229.36714230591744,369.1802215432929,165.55011377123526,138.11123191352232,180.6566169267373,79.21382523553682,169.36715675406407,205.01655966693752,233.29759430554145,470.7917888563064,1390.4401417164192,596.7103263122918,151.4268322100775,1102.647609858981,3778.659363975036,679.7837425168798,537.0381594559699,518.216358774084,225.16040496118063,170.1847660006847,192.94185690588816,281.10177522974556
2022-08-31,437.6811625454205,392.8865845958408,700.3301263665426,150.92153054452064,1072.7895441080173,1417.8665334766804,478.0754976663067,243.3203413297965,214.63312380582445,358.7499359948112,161.30211659445283,135.89428896419366,172.82903990037224,75.95980804186625,165.33651752894912,205.50311521716708,233.50310858182613,456.1556918155172,1427.1428982789007,584.7022696816674,138.05559382031473,1080.0845888912572,3585.5451113907216,635.1753736027889,502.8610792085897,492.9590550248715,220.05446774217128,161.09064307427295,193.3619130230989,278.9438295948378
2022-09-15,438.5842562105319,379.2755006263634,691.5473331010855,145.00565057535135,1079.5322686274988,1399.9514082301237,472.0413538552191,242.72452670202023,211.6596164077722,352.45694584307626,163.9624347741118,135.23206723061224,170.6750550376519,73.5417726767342,161.62038944474824,205.76156107244208,226.3254511234597,443.9109570781137,1290.4550162506437,539.3078116965856,139.11339416422302,976.5742620909384,3207.361902647228,635.2496009914875,504.9892295755588,502.7943007728167,218.7618045430617,166.2476745563153,193.58300705078025,266.06986156857374
2022-09-30,402.9907640103284,346.8274529668983,635.2275654206401,134.91450468989487,1006.290372527055,1287.2830089649265,435.7266054872978,236.11267018091468,201.5464321960004,343.24873269726385,159.8011516904692,132.60168347833766,166.443639026337,72.91642677161668,151.130938057708,206.059435225688,214.5696598845761,442.7112769928031,1290.4550162506437,539.3078116965856,139.11339416422302,976.5742620909384,3207.361902647228,583.3673331434186,462.765290740344,449.04322592169297,209.5591970335248,150.61076865733816,193.8107415817813,242.25684770995576
2022-10-31,443.17094327499376,336.0594479586092,680.8450746036714,139.6749607465821,1046.0561872250662,1391.5032126440174,460.8040401324963,234.2525970270226,203.4069099209165,338.80250558978634,157.58678273202855,133.8263425409816,171.48437642826676,70.9569975774157,158.6126236715268,206.7066301341688,218.84201981999607,435.4998667022139,1612.68300560469,603.960019038808,140.547696758198,1084.0840503943368,3335.876939777468,639.5753296262807,510.39164414282783,490.867080240675,213.4345810164549,166.56115986831963,194.4322638532336,206.6014270051195
2022-11-30,512.0059172383104,385.9025673899702,728.1845494574022,152.55419298157997,1138.2251582178,1469.2659595181442,518.9808745166716,251.38951838407365,219.38817812415363,351.2621823209134,166.9073096804096,141.15161362687277,180.8183909482009,76.41906092470948,168.0514933520003,207.4232820208439,224.8342238357308,471.479605438551,1634.938661870921,646.4942684130449,166.66871801652914,1109.405746210889,3523.2131843189527,724.8055605819161,583.9029096513476,544.0984037409928,217.5643468769444,191.54696518583967,196.14945691040373,263.28776418323736
2022-12-15,506.1354007118277,381.41328934965776,706.0992614284775,153.32736798215467,1133.6345321792476,1404.0217731763255,514.1271472113426,256.5673388169181,222.44951721138253,358.1081773029065,170.05645778083831,144.27419562533686,182.87544146224303,76.57607913258488,167.9030358027174,207.8038605301684,220.8470327984368,473.70034657424816,1585.425125644335,612.6815235845146,168.03270994934704,1037.4030986010298,3205.923568450401,717.4121586399723,579.2990533341577,546.9498373164097,214.0249540726468,188.6019634794362,197.39596623090256,275.4286376308159
2022-12-30,504.2273388010109,380.47864279688827,697.2605012228055,150.1218673899269,1122.6437489683155,1384.615032972985,512.3089208796663,250.0623324939268,217.46719173106908,349.6782672515317,170.81831270442584,145.45405445407852,181.7485957549616,80.46042393685734,169.20804155980056,208.1942720331394,219.3304730217908,486.27565982404826,1585.425125644335,612.6815235845146,168.03270994934704,1037.4030986010298,3205.923568450401,717.2057985712171,580.9028080036543,551.9996338231515,216.07190997329087,189.82211905116503,197.14610953978524,280.4012737347127
2023-01-31,562.254935512967,410.5219716874187,746.5959265497233,158.46809549069508,1191.5577223213015,1471.6158033303127,545.0601049754215,258.2921818247144,225.56787838448136,360.4362593660925,172.514017257284,147.9041871541298,185.95700672894216,81.08774533097349,166.56029393118388,209.0457403403612,218.25580461871883,514.0922420687831,1628.1051156040323,654.7560634736643,186.19589032258085,1138.514870368085,3547.909111094666,797.3110056203483,640.4881448921224,617.1395886921935,220.9921104446601,216.8629253580136,196.8214812940787,308.0853798044324
2023-02-28,557.7388938537414,383.9025490128127,728.6488742437717,152.13722785131358,1139.4334570851993,1435.7098715788927,541.2294573108605,247.5350585959704,214.99473703747623,351.1171038932221,167.8976694079117,144.2760943497363,182.04185171374468,77.45873653053191,160.55218329545195,209.80943088443348,207.99998216021865,487.0487869901374,1516.5809622607935,639.7209681771232,159.25661347907243,1119.2837990957737,3534.702588014706,796.5300330432258,633.2492435332682,624.8422499890498,216.24266499424965,218.096568285846,197.13273010660723,278.7636909069607
2023-03-16,543.6519235275422,375.4515907350074,719.7519642999046,152.44664838009746,1129.9351682637966,1433.7670473304142,515.3217458178548,257.3434405847684,220.27461807361445,356.8434347744456,170.3225198299925,144.94170725078962,183.7193829985441,78.85999542308909,155.16037982451977,210.2671884383053,201.7714902460993,511.7355371900841,1516.2079150700456,578.5999970005907,188.3395803812319,1065.8054455501083,3871.8846372091903,772.5180741085913,618.873551637966,593.2416019526556,215.5190824850505,206.3945013563138,197.45250091524008,271.5437354080374
2023-03-31,582.7953377858311,395.53005311234216,751.1639115390581,160.79646867766266,1191.839356569347,1488.4207674790678,541.6419656410754,256.4996054878366,224.77132995948057,360.03516018365207,173.0069518266664,148.25310918352923,187.5009160816097,79.37604123112594,159.63303467829755,210.6928918835644,207.5716490201496,525.0013329778741,1516.2079150700456,578.5999970005907,188.3395803812319,1065.8054455501083,3871.8846372091903,823.396181942681,660.1747601662886,629.6813724216452,219.20851638028205,220.78696687869555,197.72919425720764,288.45432989497914
2023-04-28,602.2166337191438,391.0478201465481,764.3314220754239,161.3004834336908,1269.9516530815936,1511.652712758301,570.6198982849884,264.6417068428673,228.8042051467945,362.2181638191468,177.20356352984615,151.08917400895783,191.6794356816206,77.36338570090268,157.38997140276766,211.49948748156223,206.0118277747545,530.525193281793,1558.4639877675293,597.0106204114213,194.10522906424976,1046.6439301300245,3891.979374830388,862.5206693805177,683.7651661884281,646.9373924245472,219.40349281619456,226.6561338517026,198.2802421399685,281.4332609087597
2023-05-31,571.2775810158638,384.47946233726094,756.700796895889,168.8908967552427,1227.2985851744338,1518.223437486771,537.0384719607455,263.5643346373983,222.7589200572744,358.2737373909777,174.31018074800627,147.02514070415086,190.57388340084208,75.66201104144601,151.68697065700795,212.48398234587435,194.40036036357432,523.2551319648109,1402.2080849154777,571.2279622336883,177.81845355638518,1036.9756666704063,4193.018034687789,804.4104567841872,652.5368747863599,615.511886308815,219.9811429930756,213.55723611476137,199.58340630503332,259.9893187143871
2023-06-15,605.3016596276681,411.5278517714295,802.0713006594693,181.86099566554665,1263.0556721761236,1609.036376103683,566.4575181541551,265.5532784380348,225.98451502561807,358.1696222840464,178.11263853463444,150.7541140082395,196.2368625114377,75.14558096216112,160.47843109747535,212.94702035740303,205.85055615516995,521.9968008531073,1499.013830914649,609.4617035216257,173.33671592908578,1121.2829689130217,4467.577035995365,847.2021076917378,694.8103515508255,657.693483724847,226.2786010756026,232.7568035754688,200.17479721264309,284.61266193972216
2023-06-30,608.2886067547032,399.0776395253668,802.4643789197619,175.47905789850026,1255.1884548484445,1618.5403845014246,556.0285001106721,267.9184063718327,226.57883599992755,356.9953404222635,177.48623548355752,150.4873981534113,195.40512792151853,73.04938160080222,157.13373789808648,213.40865400636784,202.252807535523,511.6902159424167,1499.013830914649,609.4617035216257,173.33671592908578,1121.2829689130217,4467.577035995365,858.0438813768964,686.4903574027147,668.1312916360264,226.42459643014823,236.5817974560788,200.18901403758989,271.49162370521526
2023-07-31,623.9290408586154,423.9209206352877,829.4214101049602,177.893688877592,1292.6173288298835,1670.535948597694,575.0087486674717,275.6359911104996,228.8055044370196,356.7478536926726,182.5799066362121,152.1961086576578,198.36042745958727,74.07876129031105,167.16132711761932,214.4230564750781,214.9064749484872,523.8842975206626,1616.4473908931495,639.0128672767065,180.814594956012,1189.8538205234638,4639.118742752822,877.1262111626952,704.888838531747,681.6490668018001,228.3090301745057,251.1607497834061,202.05987902565832,292.3517595752705
2023-08-31,591.6070940327254,397.8071777538887,809.6100736999933,171.1301322370311,1255.1124029067971,1643.9384729993972,553.6091051994662,273.79205499773514,226.274182178814,354.4692689754049,180.4742704541897,150.56239836840868,196.80142779838752,72.41892292366498,159.90278660392184,215.45705210296904,213.2598631688798,517.2460677152774,1643.0439599244512,622.1000070269664,169.91068502799274,1130.3274734397612,4569.459452791555,843.9685282476297,673.9096519630125,662.8241980685741,223.92638929841544,240.8541883119165,201.78980051798055,266.80556053865695
2023-09-14,578.3062072658206,399.04397972489016,809.1455742897854,171.7317406103343,1234.9402146021507,1644.0849255462324,559.1985369900447,268.48372064828294,220.52875416674163,351.4311560190479,178.1362797483429,147.9960313083018,193.0904832459453,71.46659424874555,158.64653777408734,215.9248033781665,217.096218858432,509.4081578245815,1682.9091392630485,602.5883052526607,155.0775780778461,1063.78271649259,4339.903288678364,827.4305111819081,655.5488837233635,653.5018930704567,224.37514463477564,236.7317529774412,202.49200009882225,263.76191082075053
2023-09-29,560.7397558619191,387.4039510484392,774.6847821436669,163.99894428088905,1195.267019150273,1565.5589323355357,545.6840354118763,262.1371161882225,216.03728706554816,345.4607520182969,174.43497687214062,147.27336690649128,190.28168487288795,70.55275532999363,159.53051924232713,216.42682854602072,211.77916135189813,492.8365769128246,1682.9091392630485,602.5883052526607,155.0775780778461,1063.78271649259,4339.903288678364,803.38286782765,633.9987637537425,641.1152075669204,223.7150188637972,230.2679863974533,202.8712442579954,260.30010597083134
2023-10-31,546.0014840096801,372.35175794692776,752.2066777902072,156.44589959025396,1138.9663383924426,1532.6406325395535,523.5565118264085,264.8614728998136,216.95326452434705,340.0092167471709,175.63896350232804,147.83350298023765,190.49712234874,69.46515338004141,153.29869955898883,217.5474385693812,212.3416496445419,528.8936283657706,1586.3238302402283,587.7330156821415,160.67312032258084,991.23371888217,4251.535785656135,775.4647513154016,610.3840642825581,616.3810419985238,219.91858696031167,226.2283079330001,203.98671417593545,250.3491990426857
2023-11-30,607.3691983491631,402.1508575874883,822.7276418185699,173.77940179287276,1237.5837199310874,1672.6096489371594,556.2234174050748,280.5758343868744,229.44617688447863,355.4063049377869,182.95745221875623,152.72365948118315,198.7538605478878,71.08202264020069,159.12841523755648,218.5882761602632,207.55835838335847,542.8978938949627,1574.4202335172615,651.9088305337694,180.03210533990958,1080.9495495697631,4711.506673574622,848.344435609312,688.0851991872329,708.3115630563701,225.9657449393796,251.2490627427319,205.25591266334223,250.38794974667258
2023-12-14,635.386933591642,404.5876705847843,851.7278592252488,177.17330574564,1289.3272246770905,1729.273409127463,577.3826138169399,287.6517163504306,237.49671260080905,367.1440031405212,184.68342187682137,154.44181520185316,201.4288672583457,74.2379191653737,163.97169724612286,219.0655879488453,201.4171921968794,542.884564116237,1575.997205732697,687.1025574848398,181.76230590242625,1213.023772395302,4973.335307033778,888.6978460489481,717.7410684439527,724.2558889327233,229.0136765678521,258.99633389382456,205.7489315934685,241.11810932406246
2023-12-29,635.4909168390083,417.8723327682442,863.1188341414077,182.76744564538265,1320.9173711358353,1748.5976957003886,582.5824768093565,295.64665507021004,240.36909485350063,369.0112478451586,190.5748605793786,155.3304156805078,201.30860982657464,74.67972439732412,169.76915219350067,219.5730898942602,201.9757557377191,549.9813383097854,1575.997205732697,687.1025574848398,181.76230590242625,1213.023772395302,4973.335307033778,888.4789863547176,720.6471826372219,723.0088940272664,232.336643961264,259.99040040132263,206.067513221654,250.76359895738148
2024-01-31,641.037485155533,398.4694147586148,873.4762978698537,190.26175106807565,1312.905698714242,1777.9813251839105,573.2877993795389,286.9368488510861,234.7848863787121,367.9974056563518,186.44486661618947,152.7771467956998,201.61410359040016,71.67677977186283,165.09241183678716,220.66752451420192,202.7793486695979,543.7270061316996,1568.1632147269838,708.0304610599786,163.78615537723294,1165.8458328191437,5067.317987812404,884.9289341189492,712.6380428916095,709.4426207203485,230.0747424002137,258.901251339712,206.79332370859888,227.59001248310068
2024-02-29,672.5754104110543,417.425361929357,910.509997651312,201.2754543511301,1290.5174926055176,1872.9176225587696,572.9721374595186,280.5439369350502,231.97508354323327,362.7984775299117,181.8169328045481,153.0811146243999,201.4494622245872,70.20702547193146,163.89696931673757,221.64031584223568,199.7965372985216,545.001332977874,1618.5754555494632,737.4852341165735,152.91033482004818,1231.7645870962674,5341.358892754057,915.1817310383624,744.4010819250122,703.3441305521018,228.55954583307096,274.0574524942372,207.2691840868657,242.33698174101949
2024-03-14,693.4250720010602,429.3057059254899,923.710075533544,201.6499604252828,1339.03149507101,1894.2062356616163,590.1269893548221,281.2176486176624,234.6254158004511,362.92478110225466,182.09403996486003,154.41984479178262,203.92123898565123,70.98509889830108,165.21994696763318,222.11381959365545,205.13241577393384,576.4302852572663,1789.6091141622926,772.7030587422654,182.86808498533745,1275.8596318027303,5407.073248957644,948.9626346493252,760.9378562093393,743.0495920796752,229.7787622604788,286.2366395649262,207.80616265308487,250.26030177300797
2024-03-29,700.7020128158055,427.7690968944292,939.7690948984548,206.9951232963694,1316.5282139461026,1933.1780202663217,600.6779573361306,277.4337058228477,234.1679947738884,366.1489358070627,178.64226640890192,153.3565808939719,202.2756241604229,69.56578131547197,161.40713512328645,222.6201743191316,206.406086933252,594.4734737403375,1789.6091141622926,772.7030587422654,182.86808498533745,1275.8596318027303,5407.073248957644,946.9412454276368,777.5977385961752,780.4476319676163,230.1341540046657,292.1259715871125,208.15233411720544,244.01888303870135
2024-04-30,675.7542398416123,429.6830088052511,904.8616149736478,188.8821219066199,1255.638928311883,1854.2182566221084,610.6392772546404,271.3616073219548,228.5564081697992,356.89975934049045,175.36943195559547,152.12167746249094,201.1049590661528,66.72117434030996,157.83266417078423,223.7011189433256,211.9605027250261,609.5041322314065,1773.703738484026,740.3880770748257,193.4687692828581,1186.0619047084824,5167.537561986534,917.961388232226,745.3510544951992,762.1697084540313,227.1497657998416,283.8374227088318,208.9982579611245,262.2181080693914
2024-05-31,701.8987221475027,432.1096455837984,945.2655548366904,189.87702485083256,1368.3643217842323,1946.1589645043027,635.7802481150356,273.86828273712086,232.5664492201144,362.9503831777295,178.90684325104104,155.24873233917046,206.0560748279513,66.93014894274249,167.8289212275074,224.7562580891416,215.68161342978647,620.4558784324196,1766.3190997762597,763.7535531212936,206.0568201839512,1245.5635706833302,5497.7647842498745,948.3298284685516,782.0459731743598,810.3104993812614,230.61023242684908,298.2181161255944,209.94061678052608,269.02532873720037
2024-06-20,687.8758336600409,452.50670188657466,966.3911975615558,188.69109507898096,1400.0240719419453,2020.1652458794329,632.6878392217171,281.77289394561944,230.987337881434,368.7057297444912,181.231083704397,153.4815727893619,205.2721688159656,66.25003502338055,167.36919922593734,225.4405160304352,215.8062242995651,629.1895494534807,1742.8001700686314,756.993228556322,197.43739610503889,1234.0408584538409,5842.249525078336,900.0420505778222,761.3338164094208,789.1020800720229,230.18015620883705,287.2260617452645,210.89488881112445,275.46761702879814
2024-06-28,681.138659562539,449.1540292018914,964.4996721437464,191.212452884963,1373.1188253242535,2015.9912636399783,624.2999617074023,281.6094297603493,230.4690517129712,366.3878885114953,179.78737768055728,153.77489751334502,205.32904529755325,65.44724595565448,165.54243950083708,225.7160544389168,212.3643953652244,620.3012529992018,1742.8001700686314,756.993228556322,197.43739610503889,1234.0408584538409,5842.249525078336,878.4885026789623,761.3674570171911,775.3865449968051,230.58655171516503,283.6360305257365,211.0120194764286,266.47298025680664
2024-07-31,686.1035545493379,450.4902450022077,981.4965088329134,202.62694259764308,1443.5750157277917,2040.5307846639607,650.7111524248686,291.8342685177623,237.63228963258007,374.9458089402447,184.24691988450363,155.92316536400648,209.72764172681428,70.20306982337983,162.73104313182083,226.84628055734163,203.7931834197071,652.5193281791538,1781.7072963946248,805.8818493615222,220.69539515595864,1359.4186476996083,5749.20681913503,894.575816972496,780.8892079626363,797.2010490585303,229.38151410272403,292.5993671201852,211.7875844815684,263.61146328801317
2024-08-30,712.7631809598741,457.7638930493888,1007.4379277738376,205.6372550559116,1506.2612445743202,2090.027174143081,670.2139659101849,302.4304955147456,243.572396720368,380.3324856201675,190.5824184743816,159.6107695434949,215.0693878887704,72.03925363991631,167.91583328251687,227.86236285567136,203.89246180056853,667.39269528126,1743.6988746645247,842.2563623690463,224.7106049720077,1339.11170445494,5817.020699183386,925.0157986837636,814.0851696778194,838.4248387757102,235.58250994387168,303.9967511322057,212.9297468432611,274.3928101877719
2024-09-19,717.9619981615615,458.5889495540948,1015.9855027289371,202.6057741871405,1465.2840569542802,2116.12806555656,674.7778264103971,302.8508290587134,247.90012608754688,386.6357166020925,191.08916646975385,161.56604185263413,218.23881695452843,73.8315358146673,170.2546100057906,228.5193660019052,208.22119544371944,689.6134364169571,1692.6846713297014,837.6685358545672,231.8819434737406,1348.471454053872,5966.338538968253,932.6121093826752,826.5974925909943,875.2376073799808,234.9511195535036,304.1895539749179,213.46573904167496,276.74809257040823
2024-09-30,724.8576053303651,488.3309058124508,1025.8880713582887,206.6820925818906,1482.792388296123,2134.6642173254186,672.3454521170723,305.929008742864,248.49695618648047,385.4255918346447,191.6368264017053,161.34152171595906,220.05436330593508,73.32018432744518,169.6097048109485,228.85609880934928,213.80477927731,702.3673687016812,1692.6846713297014,837.6685358545672,231.8819434737406,1348.471454053872,5966.338538968253,933.8240215317516,838.5690986614273,880.9543981462976,235.82608107630043,304.4365305815574,214.3258088887385,325.6885496286797
2024-10-31,684.8514186356326,466.61328943051024,1005.5376711641068,201.251517276639,1406.216967601353,2115.305730273348,639.1081743860084,299.7890864261456,241.08288624652943,375.8674836573417,187.6696483117608,158.1566470886143,213.1449619068424,69.26878072248763,163.2914783297084,229.80351538006605,209.8425639333144,731.530258597709,1708.208521471975,860.1720566164969,237.1315153932288,1328.9946935615965,5917.659684701359,878.9587530985957,809.1834800091682,850.51468863385,229.6361551130076,298.9379653041395,215.1218545677009,313.1587463200344
2024-11-29,663.0815748065417,449.8475776489213,1051.6783533670566,199.7607552997024,1375.8837017662886,2239.4766649453527,647.3284630482607,298.4589197024183,238.85963972316085,379.840925771049,184.1734237699579,154.0793325455141,211.22014336468783,70.31261702581013,163.58230170442178,230.67681661424265,210.6960190528856,704.6520927752617,1840.1994002349013,948.6123761447028,222.61524258864327,1474.7770286188677,6232.109639059537,841.0388704693966,808.95775102057,826.324845466076,229.09195959198428,285.74067144538395,215.6214616291965,299.58259420269826
2024-12-19,659.976603259407,451.54778896601965,1020.7155386403298,193.0409046550196,1308.7304064533466,2179.872002167156,622.0991214489694,291.8465317950203,231.96158614748285,372.8447319462696,180.60040120473136,151.2144865950855,207.9114281650401,66.89323025872947,157.93157647292844,231.2733724927645,207.7783228821945,691.5515862436702,1665.0707008690863,897.06930379658,203.5455257504668,1352.9813657628144,6260.632077566433,831.84913609946,806.4794924008598,796.7944504107568,223.25774746910395,283.1070918554752,216.46474908773615,305.17985349634046
2024-12-31,661.6566215029393,449.2299594494782,1024.270967302563,198.9499368888523,1317.3096652385198,2186.0915794018274,628.0491708897196,288.6988472153124,231.377828830582,373.62474184573887,178.8960346388689,151.21975264466914,208.4777874589157,66.99870709569316,158.99074731485746,231.6208607349349,212.84366107984144,699.6800853105856,1665.0707008690863,897.06930379658,203.5455257504668,1352.9813657628144,6260.632077566433,840.914004515956,803.2781539107749,806.8409276320124,223.7111014620405,286.1849820692854,216.79821814849325,309.9737544425171
2025-01-31,715.9185243042907,457.25821325618176,1060.4160936822002,199.91062371252207,1424.9332355324789,2246.9686015898114,660.6225675208619,286.2001725734503,231.5337668219348,375.6063424874975,178.27617407382584,151.73159951573138,207.3280325917124,67.88253649169957,160.22556539008897,232.5163970573153,221.2591317378617,746.043721674222,1705.012185314882,955.9047032186264,233.79708026659583,1388.4559722674087,6401.581427478848,907.6922322025948,877.6452440242498,864.7707730141242,221.88415626018173,306.4206516539773,216.86794933479445,312.7204821179347
2025-02-28,741.5372456580603,459.4734977991781,1052.7840715119578,193.51065696786225,1483.7201861309766,2217.649817569224,683.6213279725171,288.00333877884856,233.40703091840288,383.8706924508012,179.86907624045023,152.23629989285922,211.09590879544413,69.95766107724779,162.02139917559697,233.3274917557169,222.98254377436191,761.884830711812,1769.7528296001924,969.4086693430628,238.8857925593178,1314.1882719858197,6229.425406458939,927.3348694980516,911.8697010051312,934.522718772776,223.61178394008093,325.1685197205384,217.91074751410056,355.35490008892435
2025-03-20,773.7866107510462,478.4544941237634,1022.8774690719388,199.0645994448617,1538.2486090641523,2111.281248148177,699.0506133198276,289.58327804209057,239.55967850287004,383.7375616583316,184.2237820208064,159.44516925543533,218.17746236950256,70.84368024651837,173.16261646745647,233.9046532318516,230.08420376597724,811.7568648360457,1831.1699625497447,928.6706235617672,274.99668515062683,1224.7327148097872,5755.192065724229,967.8194603214952,972.6622653563794,974.4128614696946,226.0796839187317,344.78500921543935,218.5498480540075,376.8049903454481
2025-03-31,743.3722466804899,462.38154800314686,1005.9135489763148,187.8854343220483,1486.5254033092967,2092.697859083865,687.872144506745,291.73160371877464,239.57060766726903,384.01577087849233,183.73607959128776,159.04757074841018,217.65667153836145,70.2948722044832,174.19713070039418,234.22323461822904,231.7435709889477,832.7299386830199,1831.1699625497447,928.6706235617672,274.99668515062683,1224.7327148097872,5755.192065724229,929.4548528479032,934.2795742050456,959.5374567753216,225.29185236958028,333.9534634188005,218.5904517355601,359.33002926743643
2025-04-30,769.4442379083619,468.45831616826376,1014.8531544486768,199.30813520155675,1552.2919453169272,2078.5075384967004,705.0858126859322,317.90365892070145,255.10109216449808,385.5245865264809,196.78316885038305,166.91328263177124,225.41763535061023,73.70501687781422,176.57601263087406,235.08546890066745,220.5995058380678,876.7555318581733,1578.032008591324,909.3702398572194,296.3222750626503,1196.439189113387,5844.573557348338,954.1068557775112,993.2457539199214,1027.7967601171829,235.4124080830088,347.96020362474866,219.98711860296032,345.99656078409095
2025-05-30,809.6604071314365,488.4436270047445,1074.9241914261477,208.5396293642867,1578.421797716963,2209.3385932090014,739.1833454560636,320.3786427489334,255.95210819147184,382.7646827902847,197.60989105792245,167.48200296295735,228.41485221610768,73.24568293424018,180.6112724528716,235.95577489699343,219.32779705465168,876.8994934684106,1600.0587495359594,949.6096491405776,305.2088098667025,1260.3284831214871,6378.466928181981,992.9280893162374,1061.1761723609352,1097.084951658023,236.9656838379355,376.4518739599336,218.01245496531263,362.44640617998544
2025-06-19,794.840945693113,497.8871580035814,1082.1857491231735,209.3496692979568,1543.2873831185457,2237.2323008287667,741.968944220513,320.7131768038782,259.171655245605,384.4424721364076,198.9674725148438,169.87268236776518,229.0505248967501,72.54208352192708,184.14703756714508,236.5430426034038,236.0698070627688,898.6670221274348,1676.0332012699382,979.8985724725324,319.2730357158095,1328.8309007482862,6783.127328349745,982.6406386844368,1032.966525038027,1080.7297016917396,237.99836476643569,370.4898748183873,217.97504418994933,363.35232312606774
2025-06-30,831.6383101975026,517.8121943136274,1121.3103947459217,222.749133708652,1596.0919599400695,2321.689198913032,754.5646986725005,328.37289303715505,265.6370910238634,388.64974653945256,204.9142612062389,174.2879987042856,233.9123933891318,73.2664575777408,183.82182579785288,236.8664895886677,224.61095897742325,880.6025059984024,1676.0332012699382,979.8985724725324,319.2730357158095,1328.8309007482862,6783.127328349745,1022.573348810604,1098.2910735830578,1129.1554857836134,239.8037340858636,388.9679587605142,218.08217612907785,376.8788129391214
2025-07-31,808.932250862798,527.9038721681537,1135.7446266062157,215.8940102844244,1547.1944610794292,2373.794814056056,756.9770353169735,321.8264072240802,257.2865420647593,387.6239567154242,200.06820310019185,169.095432877108,225.7629083617936,70.02380810372395,179.84353557294472,237.77771826392765,223.590969502894,877.0807784590795,1723.147365792394,979.4351556528878,316.39710286590275,1351.8819345501868,6946.566994794371,1004.9813542240054,1070.621260082468,1131.602262822282,236.0543255256159,389.0121118542541,218.41853150966693,388.60816237897825
2025-08-29,833.3191945661888,534.6749715663583,1165.3710450974834,230.3441834773476,1616.6359268746633,2421.915226832136,783.5664128360736,327.75183899189585,262.8235752558095,392.2613459864477,203.0087962806008,173.37567221843815,231.613282131882,71.81144601389916,185.3609726778513,238.63056419244248,227.89820621002724,919.208211143697,1785.5395084450386,1010.024373083972,384.88736343108553,1448.4692103167035,7010.727061900186,1019.6935928579564,1088.4573016174718,1202.292984392992,238.546444536601,409.9348206281544,220.3156981559499,396.5697048125796
2025-09-18,857.0697534603455,572.5547716794813,1194.4451283878157,242.7178185781371,1616.6926183871726,2488.522353060687,790.2319772597381,332.8244967787837,265.8349580604863,396.7604840499068,205.0822655032506,175.09048547544668,232.9840736930111,71.37031374619797,189.14208538028743,239.2006260957911,229.6786163465908,971.5489202879254,1781.198595679968,1011.4572578903123,468.2881948013869,1493.5357932171826,7394.039424666326,1048.7096558381477,1087.4926429278564,1232.2386919746557,237.91959684722988,414.6041620036015,221.20808963328363,422.8143177253617
2025-09-30,865.1499432021683,572.9226811265514,1202.8329225307575,242.49756829174584,1616.8852250900493,2510.315507885579,794.4678176816793,331.117929498528,264.8616455979347,396.5403062008224,204.0508586181917,174.4097309562035,231.45242726632333,71.4299965075511,187.22522019049228,239.53112162751344,232.79915082642736,1028.7816582244757,1781.198595679968,1011.4572578903123,468.2881948013869,1493.5357932171826,7394.039424666326,1051.0867964203792,1091.944460967656,1250.9903431520877,236.01105407950536,417.0689090498709,221.32415136293463,427.5992034005935
2025-10-31,871.9225669089177,596.865758270237,1226.9200109314563,271.6935189276345,1616.9374532385848,2569.0908936991527,808.9333081584372,329.6588162891988,262.5390054206041,399.0168803017629,201.96529457870668,171.79844634117313,227.2003577162708,68.63580712998277,185.5130851431832,240.38298744701265,239.5367900882172,1067.160757131434,1756.6198728168051,982.7661957524914,441.5795648413761,1520.555998070386,7749.337576789288,1064.5950388098229,1077.1662005157434,1277.5979598293495,234.9757435225043,414.4113194543041,222.36148011897887,413.4382713720489
2025-11-28,878.7587954506556,582.5916545099759,1230.3857702526589,256.8919092562661,1697.43026851521,2575.3878452851577,817.1196781568399,329.1323281927133,263.7410661766829,401.4968680127666,202.10422484692327,172.99336338681624,229.3339464980169,67.69890438978567,185.980511146848,241.1401938574708,247.20762829032404,1130.213276459613,1803.8696908631684,1001.0785747975576,509.4576166968815,1535.163848906739,7628.048750400913,1070.8335321519617,1077.4208443547288,1316.3677144270105,235.94753073275805,421.9216814729928,222.50391570067904,412.268506967616
2025-12-18,899.8835325255315,579.8965221136733,1226.542648816622,251.5042604622687,1758.826124561839,2549.580028274652,836.4302152011754,329.6349137643945,264.9319173938767,400.759528239089,204.58898881804555,175.04197853662683,232.3892983095623,67.99461955841292,185.8037813517805,241.66869278234168,242.55367544086505,1155.0573180485228,1798.7402919903805,1031.8383296182708,533.6488458384438,1526.2562123472856,7576.910171958657,1087.1952177972134,1105.4830101170996,1393.482951345715,239.6736851883838,437.3325880448048,222.9732685284424,407.9532228597662
2025-12-31,909.7893144995196,600.0188205102335,1240.3314709701008,256.7517591541371,1780.006551780242,2576.9646228212,850.8110547564484,330.5631543974002,265.76404106284923,400.90289986174855,204.9982856043684,175.52449204382503,234.34691071478915,67.50715095845152,187.48605592629104,242.0055520880033,246.41357964124143,1151.5249266862195,1798.7402919903805,1031.8383296182708,533.6488458384438,1526.2562123472856,7576.910171958657,1090.258581973698,1121.0062436300118,1411.1398815217735,240.79594331740515,442.948819380642,223.17312483912693,410.00307177844087
2026-01-30,943.3334805154494,653.1371168065757,1268.0888905187155,275.37186930995773,1814.2415872262795,2614.3310166177075,889.8879554795856,341.54123541175966,270.1277522610708,401.3313079246956,210.19792391164145,177.41387757378797,238.76549379428656,68.38423224537665,196.8646656695208,242.78198656761896,271.953099215941,1304.780058651029,2051.454328686588,1007.0103100890052,591.8838690269268,1607.930489022516,7670.2464658426525,1097.0318656744646,1133.3383857665551,1475.4753478589068,243.21410031457896,453.7878421278856,222.81438780242743,436.47779528421205
2026-02-27,971.3120681923812,689.0294231194628,1277.3777436679256,301.5963396417489,1937.1474984218896,2594.462400636602,938.4187482588644,345.2036507393876,272.42330226267995,407.90250729659135,211.19574305299,177.11592592203365,235.92228729784827,67.86620389195103,200.0622155638193,243.4995422168077,274.94108412348635,1407.3393761663588,2248.6775957589925,969.5903287363632,716.261334996002,1620.8656337996565,7496.874151925597,1154.6497402387874,1163.905190425702,1510.3009751757463,243.16057999578308,469.0013002442524,223.0002077330523,423.9047860418394
2026-03-19,871.5242272822438,632.3682371264415,1208.588262309457,270.6152493385211,1698.929606112369,2494.0521641961614,866.2928844515191,332.7469249021912,261.4497321041271,401.3739780504872,206.12524826363529,173.9723959491064,235.5118353034917,67.17170272427322,201.1117685445664,244.0088620926112,302.6849762284912,1239.6747533990963,2479.8481571894886,935.395728448446,564.310923892296,1539.7926786856187,7136.039770063904,1030.8016966646296,1031.508676936783,1364.3639467704268,241.71609337721284,425.9454789491541,222.9934983428292,406.5720467633736
2026-03-31,862.8288544490647,599.0285961473747,1196.0151713190864,259.02981001726243,1721.9696431035109,2465.270767902342,863.7568325146157,328.49581106122247,259.73581803246026,400.7151513082659,203.2048094251009,173.55489559579382,232.236230826158,66.76985919954485,197.0587085891068,244.3258702726132,306.57235369149595,1244.484137563319,2479.8481571894886,935.395728448446,564.310923892296,1539.7926786856187,7136.039770063904,1029.838807865249,1021.1092018567142,1371.9837469322235,238.83126536963832,430.8136327842684,222.987459269654,394.9158746108644
2026-04-30,930.6964075957992,687.1507365812328,1310.7350877790427,304.84612537425176,1835.0192919544647,2723.943213659874,908.6116781812256,334.98413181804057,264.96760190601594,401.1640410315928,207.8909635408941,176.56782677225905,239.62231783208705,67.72292634514534,207.001276292419,245.1097491064044,319.4653417656024,1231.0983737669983,2414.5648988085445,987.4022176162134,547.3060375126639,1727.8100003365605,8253.561295734347,1092.1798426183102,1110.6372786780344,1466.6077009811995,245.1886873193889,478.534808214691,223.6488263403615,411.29711431735234
2026-05-29,958.7065889720084,753.7110350586119,1370.4011720752085,335.33089643333346,1898.12437323986,2867.3114529277805,905.3610615239428,334.92222848579394,266.1224422132003,402.4134223147688,207.98906011140795,175.79622342501216,237.7639013471648,66.62842284008872,207.9569729885108,245.8615381542365,308.0842751251007,1210.4132231404988,2279.827036186472,976.9364121613656,553.3801458704352,1803.3207310095693,9126.677028593993,1111.0560615996665,1140.6837307346252,1506.2080975159536,241.8913821607147,498.81120144637816,224.02139062498784,403.90210107914635
2026-06-18,984.8934874895704,771.4755818496932,1362.7042771489914,354.5169628701737,1872.5788378556279,2839.7641521413384,888.574156216441,326.34890118904144,261.8244069186204,402.8776732833807,201.85888676689686,173.00019829004086,233.8743864937513,65.79271003556907,197.89637263662777,246.38604276896555,290.00044599452247,1122.359370834447,2168.8963670103326,1019.6319305888387,467.39962855505246,1870.7124987378977,9115.488614215585,1132.0382068194172,1117.5989074021552,1565.4720516748278,236.32501567030675,516.2152786735224,224.34343784575069,385.95739124708615
2026-06-30,982.9955047911233,743.0980216897267,1360.5679291097117,347.39648650086025,1921.9760426500288,2840.0062644441987,900.8968576279451,325.8585541871212,261.8103559119382,403.38288757275245,200.93231119500183,172.58418156146735,235.14203482587246,65.3404880003646,194.9715612647254,246.70305947732828,281.7890624303127,1068.5203945614528,2168.8963670103326,1019.6319305888387,467.39962855505246,1870.7124987378977,9115.488614215585,1120.9640012963112,1112.6451671930104,1567.8205343259344,235.5058183501166,505.52367344945577,224.3953131049525,369.32212053167086
2026-07-31,997.6793097221594,720.2602384593664,1367.550088665259,329.58917956269636,1944.7524315202982,2838.203797607658,949.1372035102555,323.0057739410204,260.3331860375423,398.1276348802675,201.1549613859902,174.53329940665574,239.8778012419423,67.53590094711478,204.52371555545227,247.53794374777615,303.0333871500051,1078.6856838176511,2428.3846015567187,1082.4712513326124,461.50504791522303,1814.015504223835,8515.123479633887,1146.3707905620727,1151.361931798143,1614.8637153102313,238.91791059034665,516.038439701689,224.964015163521,419.0530609461014
